Agent,Prior,Target,Score,SMILES,SMILES_state,Warheads,Linker,Scaffold,docking with boltz,docking with boltz (raw),num_clash (docking with boltz),lgKd_ternary (docking with boltz),dist_ub (docking with boltz),dist_ub_square (docking with boltz),ref_model (docking with boltz),step
4.3227,4.3227,54.9942,0.4634135,CCC(=O)Nc1cc(C2CCN(C(=O)CCCCC(=O)N[C@H](C(=O)N3C[C@H](O)C[C@H]3C(=O)NCc3ccc(-c4scnc4C)cc3)C(C)(C)C)CC2)cc(C)c1Nc1ncc2cc(-c3c(Cl)c(OC)cc(OC)c3Cl)ccc2n1,1,*c1cc(C)c(Nc2ncc3cc(-c4c(Cl)c(OC)cc(OC)c4Cl)ccc3n2)c(NC(=O)CC)c1|*N[C@H](C(=O)N1C[C@H](O)C[C@H]1C(=O)NCc1ccc(-c2scnc2C)cc1)C(C)(C)C,[*]C1CCN(C(=O)CCCCC(=O)[*])CC1,O=C(CCCCC(=O)N1CCC(c2ccc(Nc3ncc4cc(-c5ccccc5)ccc4n3)cc2)CC1)NCC(=O)N1CCC[C@H]1C(=O)NCc1ccc(-c2cncs2)cc1,0.4634135,0.4634,0,-4.423867225646973,33.365928649902344,1113.285194670374,model1_clean.pdb,1
7.4255,7.4255,20.0627,0.2147510,CCC(=O)Nc1cc(C2CCN(C(=O)CCNC(=O)CCC(=O)N[C@H](C(=O)N3C[C@H](O)C[C@H]3C(=O)NCc3ccc(-c4scnc4C)cc3)C(C)(C)C)CC2)cc(C)c1Nc1ncc2cc(-c3c(Cl)c(OC)cc(OC)c3Cl)ccc2n1,1,*c1cc(C)c(Nc2ncc3cc(-c4c(Cl)c(OC)cc(OC)c4Cl)ccc3n2)c(NC(=O)CC)c1|*N[C@H](C(=O)N1C[C@H](O)C[C@H]1C(=O)NCc1ccc(-c2scnc2C)cc1)C(C)(C)C,[*]C1CCN(C(=O)CCNC(=O)CCC(=O)[*])CC1,O=C(CCC(=O)NCC(=O)N1CCC[C@H]1C(=O)NCc1ccc(-c2cncs2)cc1)NCCC(=O)N1CCC(c2ccc(Nc3ncc4cc(-c5ccccc5)ccc4n3)cc2)CC1,0.2147510,0.2148,0,-4.68295955657959,46.84067916870117,2194.049224985196,model1_clean.pdb,1
6.1012,6.1012,45.1905,0.4007162,CCC(=O)Nc1cc(C2CCN(CC(=O)CCC(=O)N[C@H](C(=O)N3C[C@H](O)C[C@H]3C(=O)NCc3ccc(-c4scnc4C)cc3)C(C)(C)C)CC2)cc(C)c1Nc1ncc2cc(-c3c(Cl)c(OC)cc(OC)c3Cl)ccc2n1,1,*c1cc(C)c(Nc2ncc3cc(-c4c(Cl)c(OC)cc(OC)c4Cl)ccc3n2)c(NC(=O)CC)c1|*N[C@H](C(=O)N1C[C@H](O)C[C@H]1C(=O)NCc1ccc(-c2scnc2C)cc1)C(C)(C)C,[*]C1CCN(CC(=O)CCC(=O)[*])CC1,O=C(CCC(=O)NCC(=O)N1CCC[C@H]1C(=O)NCc1ccc(-c2cncs2)cc1)CN1CCC(c2ccc(Nc3ncc4cc(-c5ccccc5)ccc4n3)cc2)CC1,0.4007162,0.4007,0,-4.414376258850098,36.939735412597656,1364.5440523527213,model1_clean.pdb,1
2.8693,2.8693,35.6262,0.3007465,CCC(=O)Nc1cc(C2CCN(CC(=O)N[C@H](C(=O)N3C[C@H](O)C[C@H]3C(=O)NCc3ccc(-c4scnc4C)cc3)C(C)(C)C)CC2)cc(C)c1Nc1ncc2cc(-c3c(Cl)c(OC)cc(OC)c3Cl)ccc2n1,1,*c1cc(C)c(Nc2ncc3cc(-c4c(Cl)c(OC)cc(OC)c4Cl)ccc3n2)c(NC(=O)CC)c1|*N[C@H](C(=O)N1C[C@H](O)C[C@H]1C(=O)NCc1ccc(-c2scnc2C)cc1)C(C)(C)C,[*]C1CCN(CC(=O)[*])CC1,O=C(CN1CCC(c2ccc(Nc3ncc4cc(-c5ccccc5)ccc4n3)cc2)CC1)NCC(=O)N1CCC[C@H]1C(=O)NCc1ccc(-c2cncs2)cc1,0.3007465,0.3007,0,-4.150813102722168,40.77012252807617,1662.2028909543442,model1_clean.pdb,1
9.0552,9.0552,28.6220,0.2943530,CCC(=O)Nc1cc(N2CC(NC(=O)COCC(=O)N[C@H](C(=O)N3C[C@H](O)C[C@H]3C(=O)NCc3ccc(-c4scnc4C)cc3)C(C)(C)C)C2)cc(C)c1Nc1ncc2cc(-c3c(Cl)c(OC)cc(OC)c3Cl)ccc2n1,1,*c1cc(C)c(Nc2ncc3cc(-c4c(Cl)c(OC)cc(OC)c4Cl)ccc3n2)c(NC(=O)CC)c1|*N[C@H](C(=O)N1C[C@H](O)C[C@H]1C(=O)NCc1ccc(-c2scnc2C)cc1)C(C)(C)C,[*]N1CC(NC(=O)COCC(=O)[*])C1,O=C(COCC(=O)NC1CN(c2ccc(Nc3ncc4cc(-c5ccccc5)ccc4n3)cc2)C1)NCC(=O)N1CCC[C@H]1C(=O)NCc1ccc(-c2cncs2)cc1,0.2943530,0.2944,0,-4.22734260559082,41.92399215698242,1757.6211183787236,model1_clean.pdb,1
8.1012,8.1012,26.6799,0.2717277,CCC(=O)Nc1cc(N2CCC(N3CCN(CCCC(=O)N[C@H](C(=O)N4C[C@H](O)C[C@H]4C(=O)NCc4ccc(-c5scnc5C)cc4)C(C)(C)C)CC3)CC2)cc(C)c1Nc1ncc2cc(-c3c(Cl)c(OC)cc(OC)c3Cl)ccc2n1,1,*c1cc(C)c(Nc2ncc3cc(-c4c(Cl)c(OC)cc(OC)c4Cl)ccc3n2)c(NC(=O)CC)c1|*N[C@H](C(=O)N1C[C@H](O)C[C@H]1C(=O)NCc1ccc(-c2scnc2C)cc1)C(C)(C)C,[*]N1CCC(N2CCN(CCCC(=O)[*])CC2)CC1,O=C(CCCN1CCN(C2CCN(c3ccc(Nc4ncc5cc(-c6ccccc6)ccc5n4)cc3)CC2)CC1)NCC(=O)N1CCC[C@H]1C(=O)NCc1ccc(-c2cncs2)cc1,0.2717277,0.2717,0,-4.259885787963867,43.0338020324707,1851.9081173698796,model1_clean.pdb,1
8.8530,8.8530,35.4679,0.3462571,CCC(=O)Nc1cc(N2CCC(OCCCOCC(=O)N[C@H](C(=O)N3C[C@H](O)C[C@H]3C(=O)NCc3ccc(-c4scnc4C)cc3)C(C)(C)C)CC2)cc(C)c1Nc1ncc2cc(-c3c(Cl)c(OC)cc(OC)c3Cl)ccc2n1,1,*c1cc(C)c(Nc2ncc3cc(-c4c(Cl)c(OC)cc(OC)c4Cl)ccc3n2)c(NC(=O)CC)c1|*N[C@H](C(=O)N1C[C@H](O)C[C@H]1C(=O)NCc1ccc(-c2scnc2C)cc1)C(C)(C)C,[*]N1CCC(OCCCOCC(=O)[*])CC1,O=C(COCCCOC1CCN(c2ccc(Nc3ncc4cc(-c5ccccc5)ccc4n3)cc2)CC1)NCC(=O)N1CCC[C@H]1C(=O)NCc1ccc(-c2cncs2)cc1,0.3462571,0.3463,0,-4.286201477050781,39.501373291015625,1560.3584918761626,model1_clean.pdb,1
6.1781,6.1781,33.1899,0.3075619,CCC(=O)Nc1cc(NCCCCCC(=O)N[C@H](C(=O)N2C[C@H](O)C[C@H]2C(=O)NCc2ccc(-c3scnc3C)cc2)C(C)(C)C)cc(C)c1Nc1ncc2cc(-c3c(Cl)c(OC)cc(OC)c3Cl)ccc2n1,1,*c1cc(C)c(Nc2ncc3cc(-c4c(Cl)c(OC)cc(OC)c4Cl)ccc3n2)c(NC(=O)CC)c1|*N[C@H](C(=O)N1C[C@H](O)C[C@H]1C(=O)NCc1ccc(-c2scnc2C)cc1)C(C)(C)C,[*]NCCCCCC(=O)[*],O=C(CCCCCNc1ccc(Nc2ncc3cc(-c4ccccc4)ccc3n2)cc1)NCC(=O)N1CCC[C@H]1C(=O)NCc1ccc(-c2cncs2)cc1,0.3075619,0.3076,0,-3.8920083045959473,37.629268646240234,1415.9618588509184,model1_clean.pdb,1
6.4441,6.4441,21.0949,0.2151486,CCC(=O)Nc1cc(NCCOCCOCC(=O)N[C@H](C(=O)N2C[C@H](O)C[C@H]2C(=O)NCc2ccc(-c3scnc3C)cc2)C(C)(C)C)cc(C)c1Nc1ncc2cc(-c3c(Cl)c(OC)cc(OC)c3Cl)ccc2n1,1,*c1cc(C)c(Nc2ncc3cc(-c4c(Cl)c(OC)cc(OC)c4Cl)ccc3n2)c(NC(=O)CC)c1|*N[C@H](C(=O)N1C[C@H](O)C[C@H]1C(=O)NCc1ccc(-c2scnc2C)cc1)C(C)(C)C,[*]NCCOCCOCC(=O)[*],O=C(COCCOCCNc1ccc(Nc2ncc3cc(-c4ccccc4)ccc3n2)cc1)NCC(=O)N1CCC[C@H]1C(=O)NCc1ccc(-c2cncs2)cc1,0.2151486,0.2151,0,-3.4615917205810547,34.819698333740234,1212.4113920526725,model1_clean.pdb,1
5.6810,8.0388,24.8109,0.2566380,CCC(=O)Nc1cc(C2CCC(NC(=O)CCCCC(=O)N[C@H](C(=O)N3C[C@H](O)C[C@H]3C(=O)NCc3ccc(-c4scnc4C)cc3)C(C)(C)C)CC2)cc(C)c1Nc1ncc2cc(-c3c(Cl)c(OC)cc(OC)c3Cl)ccc2n1,1,*c1cc(C)c(Nc2ncc3cc(-c4c(Cl)c(OC)cc(OC)c4Cl)ccc3n2)c(NC(=O)CC)c1|*N[C@H](C(=O)N1C[C@H](O)C[C@H]1C(=O)NCc1ccc(-c2scnc2C)cc1)C(C)(C)C,[*]C1CCC(NC(=O)CCCCC(=O)[*])CC1,O=C(CCCCC(=O)NC1CCC(c2ccc(Nc3ncc4cc(-c5ccccc5)ccc4n3)cc2)CC1)NCC(=O)N1CCC[C@H]1C(=O)NCc1ccc(-c2cncs2)cc1,0.2566380,0.2566,0,-4.498720169067383,44.393699645996094,1970.8005682589137,model1_clean.pdb,2
16.7073,23.1259,5.1913,0.2212282,CCC(=O)Nc1cc(C2CCN(C(=O)C=CCN3CCC(COC4CC(C(=O)N[C@H](C(=O)N5C[C@H](O)C[C@H]5C(=O)NCc5ccc(-c6scnc6C)cc5)C(C)(C)C)C4)CC3)CC2)cc(C)c1Nc1ncc2cc(-c3c(Cl)c(OC)cc(OC)c3Cl)ccc2n1,1,*c1cc(C)c(Nc2ncc3cc(-c4c(Cl)c(OC)cc(OC)c4Cl)ccc3n2)c(NC(=O)CC)c1|*N[C@H](C(=O)N1C[C@H](O)C[C@H]1C(=O)NCc1ccc(-c2scnc2C)cc1)C(C)(C)C,[*]C1CCN(C(=O)C=CCN2CCC(COC3CC(C(=O)[*])C3)CC2)CC1,O=C(NCC(=O)N1CCC[C@H]1C(=O)NCc1ccc(-c2cncs2)cc1)C1CC(OCC2CCN(CC=CC(=O)N3CCC(c4ccc(Nc5ncc6cc(-c7ccccc7)ccc6n5)cc4)CC3)CC2)C1,0.2212282,0.2212,0,-3.9066720008850098,44.084442138671875,1943.4380386779085,model1_clean.pdb,2
8.0927,10.4191,8.2575,0.1459109,CCC(=O)Nc1cc(C2CCN(CCNCCOCC(=O)N[C@H](C(=O)N3C[C@H](O)C[C@H]3C(=O)NCc3ccc(-c4scnc4C)cc3)C(C)(C)C)CC2)cc(C)c1Nc1ncc2cc(-c3c(Cl)c(OC)cc(OC)c3Cl)ccc2n1,1,*c1cc(C)c(Nc2ncc3cc(-c4c(Cl)c(OC)cc(OC)c4Cl)ccc3n2)c(NC(=O)CC)c1|*N[C@H](C(=O)N1C[C@H](O)C[C@H]1C(=O)NCc1ccc(-c2scnc2C)cc1)C(C)(C)C,[*]C1CCN(CCNCCOCC(=O)[*])CC1,O=C(COCCNCCN1CCC(c2ccc(Nc3ncc4cc(-c5ccccc5)ccc4n3)cc2)CC1)NCC(=O)N1CCC[C@H]1C(=O)NCc1ccc(-c2cncs2)cc1,0.1459109,0.1459,0,-4.329409122467041,51.4310302734375,2645.1508749872446,model1_clean.pdb,2
16.3288,23.0892,9.2782,0.2528709,CCC(=O)Nc1cc(N2CCC(C(=O)CCCCC(=O)N(C)CCCC(=O)N[C@H](C(=O)N3C[C@H](O)C[C@H]3C(=O)NCc3ccc(-c4scnc4C)cc3)C(C)(C)C)CC2)cc(C)c1Nc1ncc2cc(-c3c(Cl)c(OC)cc(OC)c3Cl)ccc2n1,1,*c1cc(C)c(Nc2ncc3cc(-c4c(Cl)c(OC)cc(OC)c4Cl)ccc3n2)c(NC(=O)CC)c1|*N[C@H](C(=O)N1C[C@H](O)C[C@H]1C(=O)NCc1ccc(-c2scnc2C)cc1)C(C)(C)C,[*]N1CCC(C(=O)CCCCC(=O)N(C)CCCC(=O)[*])CC1,O=C(CCCCC(=O)C1CCN(c2ccc(Nc3ncc4cc(-c5ccccc5)ccc4n3)cc2)CC1)NCCCC(=O)NCC(=O)N1CCC[C@H]1C(=O)NCc1ccc(-c2cncs2)cc1,0.2528709,0.2529,0,-4.148428916931152,43.49903869628906,1892.1663675012533,model1_clean.pdb,2
6.7947,9.2844,24.2260,0.2618002,CCC(=O)Nc1cc(N2CCC(CN3CCC(COCC(=O)N[C@H](C(=O)N4C[C@H](O)C[C@H]4C(=O)NCc4ccc(-c5scnc5C)cc4)C(C)(C)C)CC3)CC2)cc(C)c1Nc1ncc2cc(-c3c(Cl)c(OC)cc(OC)c3Cl)ccc2n1,1,*c1cc(C)c(Nc2ncc3cc(-c4c(Cl)c(OC)cc(OC)c4Cl)ccc3n2)c(NC(=O)CC)c1|*N[C@H](C(=O)N1C[C@H](O)C[C@H]1C(=O)NCc1ccc(-c2scnc2C)cc1)C(C)(C)C,[*]N1CCC(CN2CCC(COCC(=O)[*])CC2)CC1,O=C(COCC1CCN(CC2CCN(c3ccc(Nc4ncc5cc(-c6ccccc6)ccc5n4)cc3)CC2)CC1)NCC(=O)N1CCC[C@H]1C(=O)NCc1ccc(-c2cncs2)cc1,0.2618002,0.2618,0,-4.676581382751465,44.29277038574219,1961.8495084440801,model1_clean.pdb,2
6.1775,6.1006,32.3463,0.3003666,CCC(=O)Nc1cc(N2CCC(COCC(=O)N[C@H](C(=O)N3C[C@H](O)C[C@H]3C(=O)NCc3ccc(-c4scnc4C)cc3)C(C)(C)C)CC2)cc(C)c1Nc1ncc2cc(-c3c(Cl)c(OC)cc(OC)c3Cl)ccc2n1,1,*c1cc(C)c(Nc2ncc3cc(-c4c(Cl)c(OC)cc(OC)c4Cl)ccc3n2)c(NC(=O)CC)c1|*N[C@H](C(=O)N1C[C@H](O)C[C@H]1C(=O)NCc1ccc(-c2scnc2C)cc1)C(C)(C)C,[*]N1CCC(COCC(=O)[*])CC1,O=C(COCC1CCN(c2ccc(Nc3ncc4cc(-c5ccccc5)ccc4n3)cc2)CC1)NCC(=O)N1CCC[C@H]1C(=O)NCc1ccc(-c2cncs2)cc1,0.3003666,0.3004,0,-4.247676849365234,41.430198669433594,1716.4613617887371,model1_clean.pdb,2
6.9074,7.9972,11.1674,0.1497234,CCC(=O)Nc1cc(N2CCN(C(=O)CCOCCOCC(=O)N[C@H](C(=O)N3C[C@H](O)C[C@H]3C(=O)NCc3ccc(-c4scnc4C)cc3)C(C)(C)C)CC2)cc(C)c1Nc1ncc2cc(-c3c(Cl)c(OC)cc(OC)c3Cl)ccc2n1,1,*c1cc(C)c(Nc2ncc3cc(-c4c(Cl)c(OC)cc(OC)c4Cl)ccc3n2)c(NC(=O)CC)c1|*N[C@H](C(=O)N1C[C@H](O)C[C@H]1C(=O)NCc1ccc(-c2scnc2C)cc1)C(C)(C)C,[*]N1CCN(C(=O)CCOCCOCC(=O)[*])CC1,O=C(COCCOCCC(=O)N1CCN(c2ccc(Nc3ncc4cc(-c5ccccc5)ccc4n3)cc2)CC1)NCC(=O)N1CCC[C@H]1C(=O)NCc1ccc(-c2cncs2)cc1,0.1497234,0.1497,0,-4.40522575378418,51.227760314941406,2624.2834268850856,model1_clean.pdb,2
6.2498,7.6674,60.6633,0.5338336,CCC(=O)Nc1cc(N2CCN(CC(=O)CCCCC(=O)N[C@H](C(=O)N3C[C@H](O)C[C@H]3C(=O)NCc3ccc(-c4scnc4C)cc3)C(C)(C)C)CC2)cc(C)c1Nc1ncc2cc(-c3c(Cl)c(OC)cc(OC)c3Cl)ccc2n1,1,*c1cc(C)c(Nc2ncc3cc(-c4c(Cl)c(OC)cc(OC)c4Cl)ccc3n2)c(NC(=O)CC)c1|*N[C@H](C(=O)N1C[C@H](O)C[C@H]1C(=O)NCc1ccc(-c2scnc2C)cc1)C(C)(C)C,[*]N1CCN(CC(=O)CCCCC(=O)[*])CC1,O=C(CCCCC(=O)NCC(=O)N1CCC[C@H]1C(=O)NCc1ccc(-c2cncs2)cc1)CN1CCN(c2ccc(Nc3ncc4cc(-c5ccccc5)ccc4n3)cc2)CC1,0.5338336,0.5338,0,-4.371681213378906,30.028223037719727,901.6941788030417,model1_clean.pdb,2
8.1197,11.5396,35.5819,0.3681368,CCC(=O)Nc1cc(N2CC[C@@H](NC(=O)COCCOCC(=O)N[C@H](C(=O)N3C[C@H](O)C[C@H]3C(=O)NCc3ccc(-c4scnc4C)cc3)C(C)(C)C)C2)cc(C)c1Nc1ncc2cc(-c3c(Cl)c(OC)cc(OC)c3Cl)ccc2n1,1,*c1cc(C)c(Nc2ncc3cc(-c4c(Cl)c(OC)cc(OC)c4Cl)ccc3n2)c(NC(=O)CC)c1|*N[C@H](C(=O)N1C[C@H](O)C[C@H]1C(=O)NCc1ccc(-c2scnc2C)cc1)C(C)(C)C,[*]N1CC[C@@H](NC(=O)COCCOCC(=O)[*])C1,O=C(COCCOCC(=O)N[C@@H]1CCN(c2ccc(Nc3ncc4cc(-c5ccccc5)ccc4n3)cc2)C1)NCC(=O)N1CCC[C@H]1C(=O)NCc1ccc(-c2cncs2)cc1,0.3681368,0.3681,0,-4.081789016723633,35.92623519897461,1290.6943755720422,model1_clean.pdb,2
10.3030,10.0889,18.8601,0.2261646,CCC(=O)Nc1cc(N2C[C@@H]3C[C@H]2CN3C(=O)CCCCC(=O)N[C@H](C(=O)N2C[C@H](O)C[C@H]2C(=O)NCc2ccc(-c3scnc3C)cc2)C(C)(C)C)cc(C)c1Nc1ncc2cc(-c3c(Cl)c(OC)cc(OC)c3Cl)ccc2n1,1,*c1cc(C)c(Nc2ncc3cc(-c4c(Cl)c(OC)cc(OC)c4Cl)ccc3n2)c(NC(=O)CC)c1|*N[C@H](C(=O)N1C[C@H](O)C[C@H]1C(=O)NCc1ccc(-c2scnc2C)cc1)C(C)(C)C,[*]N1C[C@@H]2C[C@H]1CN2C(=O)CCCCC(=O)[*],O=C(CCCCC(=O)N1C[C@@H]2C[C@H]1CN2c1ccc(Nc2ncc3cc(-c4ccccc4)ccc3n2)cc1)NCC(=O)N1CCC[C@H]1C(=O)NCc1ccc(-c2cncs2)cc1,0.2261646,0.2262,0,-4.775557518005371,46.403892517089844,2153.321240737627,model1_clean.pdb,2
9.5668,9.1855,25.8165,0.2734532,CCC(=O)Nc1cc(C2CCN(C(=O)CCCOCCC(=O)N[C@H](C(=O)N3C[C@H](O)C[C@H]3C(=O)NCc3ccc(-c4scnc4C)cc3)C(C)(C)C)CC2)cc(C)c1Nc1ncc2cc(-c3c(Cl)c(OC)cc(OC)c3Cl)ccc2n1,1,*c1cc(C)c(Nc2ncc3cc(-c4c(Cl)c(OC)cc(OC)c4Cl)ccc3n2)c(NC(=O)CC)c1|*N[C@H](C(=O)N1C[C@H](O)C[C@H]1C(=O)NCc1ccc(-c2scnc2C)cc1)C(C)(C)C,[*]C1CCN(C(=O)CCCOCCC(=O)[*])CC1,O=C(CCOCCCC(=O)N1CCC(c2ccc(Nc3ncc4cc(-c5ccccc5)ccc4n3)cc2)CC1)NCC(=O)N1CCC[C@H]1C(=O)NCc1ccc(-c2cncs2)cc1,0.2734532,0.2735,0,-4.690839767456055,43.7362060546875,1912.8557200580835,model1_clean.pdb,3
12.8588,16.1463,33.2093,0.3855903,CCC(=O)Nc1cc(N2CC(NC(=O)CCNCCCC(=O)N[C@H](C(=O)N3C[C@H](O)C[C@H]3C(=O)NCc3ccc(-c4scnc4C)cc3)C(C)(C)C)C2)cc(C)c1Nc1ncc2cc(-c3c(Cl)c(OC)cc(OC)c3Cl)ccc2n1,1,*c1cc(C)c(Nc2ncc3cc(-c4c(Cl)c(OC)cc(OC)c4Cl)ccc3n2)c(NC(=O)CC)c1|*N[C@H](C(=O)N1C[C@H](O)C[C@H]1C(=O)NCc1ccc(-c2scnc2C)cc1)C(C)(C)C,[*]N1CC(NC(=O)CCNCCCC(=O)[*])C1,O=C(CCCNCCC(=O)NC1CN(c2ccc(Nc3ncc4cc(-c5ccccc5)ccc4n3)cc2)C1)NCC(=O)N1CCC[C@H]1C(=O)NCc1ccc(-c2cncs2)cc1,0.3855903,0.3856,0,-4.506936073303223,38.14995574951172,1455.4191236897022,model1_clean.pdb,3
8.1540,18.4857,11.8739,0.2371847,CCC(=O)Nc1cc(N2CCC(CC(=O)CCCC(=O)CCC(=O)N[C@H](C(=O)N3C[C@H](O)C[C@H]3C(=O)NCc3ccc(-c4scnc4C)cc3)C(C)(C)C)CC2)cc(C)c1Nc1ncc2cc(-c3c(Cl)c(OC)cc(OC)c3Cl)ccc2n1,1,*c1cc(C)c(Nc2ncc3cc(-c4c(Cl)c(OC)cc(OC)c4Cl)ccc3n2)c(NC(=O)CC)c1|*N[C@H](C(=O)N1C[C@H](O)C[C@H]1C(=O)NCc1ccc(-c2scnc2C)cc1)C(C)(C)C,[*]N1CCC(CC(=O)CCCC(=O)CCC(=O)[*])CC1,O=C(CCCC(=O)CC1CCN(c2ccc(Nc3ncc4cc(-c5ccccc5)ccc4n3)cc2)CC1)CCC(=O)NCC(=O)N1CCC[C@H]1C(=O)NCc1ccc(-c2cncs2)cc1,0.2371847,0.2372,0,-4.635244369506836,45.59041976928711,2078.486374739805,model1_clean.pdb,3
14.6155,16.6104,7.1515,0.1856399,CCC(=O)Nc1cc(N2CCC(N3CCN(C(=O)CC(C)(C)OCC(=O)N[C@H](C(=O)N4C[C@H](O)C[C@H]4C(=O)NCc4ccc(-c5scnc5C)cc4)C(C)(C)C)CC3)CC2)cc(C)c1Nc1ncc2cc(-c3c(Cl)c(OC)cc(OC)c3Cl)ccc2n1,1,*c1cc(C)c(Nc2ncc3cc(-c4c(Cl)c(OC)cc(OC)c4Cl)ccc3n2)c(NC(=O)CC)c1|*N[C@H](C(=O)N1C[C@H](O)C[C@H]1C(=O)NCc1ccc(-c2scnc2C)cc1)C(C)(C)C,[*]N1CCC(N2CCN(C(=O)CC(C)(C)OCC(=O)[*])CC2)CC1,O=C(COCCC(=O)N1CCN(C2CCN(c3ccc(Nc4ncc5cc(-c6ccccc6)ccc5n4)cc3)CC2)CC1)NCC(=O)N1CCC[C@H]1C(=O)NCc1ccc(-c2cncs2)cc1,0.1856399,0.1856,0,-4.178430557250977,47.776954650878906,2282.6373957121396,model1_clean.pdb,3
18.4188,31.3581,-10.0121,0.1667653,CCC(=O)Nc1cc(N2CCC(N3[C@@H]4CC[C@H]3CC(OCCC(=O)COCC(=O)N[C@H](C(=O)N3C[C@H](O)C[C@H]3C(=O)NCc3ccc(-c5scnc5C)cc3)C(C)(C)C)C4)CC2)cc(C)c1Nc1ncc2cc(-c3c(Cl)c(OC)cc(OC)c3Cl)ccc2n1,1,*c1cc(C)c(Nc2ncc3cc(-c4c(Cl)c(OC)cc(OC)c4Cl)ccc3n2)c(NC(=O)CC)c1|*N[C@H](C(=O)N1C[C@H](O)C[C@H]1C(=O)NCc1ccc(-c2scnc2C)cc1)C(C)(C)C,[*]N1CCC(N2[C@@H]3CC[C@H]2CC(OCCC(=O)COCC(=O)[*])C3)CC1,O=C(CCOC1C[C@H]2CC[C@@H](C1)N2C1CCN(c2ccc(Nc3ncc4cc(-c5ccccc5)ccc4n3)cc2)CC1)COCC(=O)NCC(=O)N1CCC[C@H]1C(=O)NCc1ccc(-c2cncs2)cc1,0.1667653,0.1668,0,-4.0888824462890625,49.28271484375,2428.7859823703766,model1_clean.pdb,3
7.1120,8.8114,21.6771,0.2381910,CCC(=O)Nc1cc(N2CCC(NC(=O)CCCOCC(=O)N[C@H](C(=O)N3C[C@H](O)C[C@H]3C(=O)NCc3ccc(-c4scnc4C)cc3)C(C)(C)C)CC2)cc(C)c1Nc1ncc2cc(-c3c(Cl)c(OC)cc(OC)c3Cl)ccc2n1,1,*c1cc(C)c(Nc2ncc3cc(-c4c(Cl)c(OC)cc(OC)c4Cl)ccc3n2)c(NC(=O)CC)c1|*N[C@H](C(=O)N1C[C@H](O)C[C@H]1C(=O)NCc1ccc(-c2scnc2C)cc1)C(C)(C)C,[*]N1CCC(NC(=O)CCCOCC(=O)[*])CC1,O=C(COCCCC(=O)NC1CCN(c2ccc(Nc3ncc4cc(-c5ccccc5)ccc4n3)cc2)CC1)NCC(=O)N1CCC[C@H]1C(=O)NCc1ccc(-c2cncs2)cc1,0.2381910,0.2382,0,-4.654350280761719,45.456016540527344,2066.2494397326955,model1_clean.pdb,3
6.6842,9.1134,12.8114,0.1712875,CCC(=O)Nc1cc(N2CCC(NC(=O)CCOCCC(=O)N[C@H](C(=O)N3C[C@H](O)C[C@H]3C(=O)NCc3ccc(-c4scnc4C)cc3)C(C)(C)C)CC2)cc(C)c1Nc1ncc2cc(-c3c(Cl)c(OC)cc(OC)c3Cl)ccc2n1,1,*c1cc(C)c(Nc2ncc3cc(-c4c(Cl)c(OC)cc(OC)c4Cl)ccc3n2)c(NC(=O)CC)c1|*N[C@H](C(=O)N1C[C@H](O)C[C@H]1C(=O)NCc1ccc(-c2scnc2C)cc1)C(C)(C)C,[*]N1CCC(NC(=O)CCOCCC(=O)[*])CC1,O=C(CCOCCC(=O)NC1CCN(c2ccc(Nc3ncc4cc(-c5ccccc5)ccc4n3)cc2)CC1)NCC(=O)N1CCC[C@H]1C(=O)NCc1ccc(-c2cncs2)cc1,0.1712875,0.1713,0,-4.246580600738525,49.79757308959961,2479.798285614015,model1_clean.pdb,3
15.7051,15.3726,42.6567,0.4533539,CCC(=O)Nc1cc(N2CCC(NCCN3CCN(C(=O)CC(=O)N[C@H](C(=O)N4C[C@H](O)C[C@H]4C(=O)NCc4ccc(-c5scnc5C)cc4)C(C)(C)C)CC3)CC2)cc(C)c1Nc1ncc2cc(-c3c(Cl)c(OC)cc(OC)c3Cl)ccc2n1,1,*c1cc(C)c(Nc2ncc3cc(-c4c(Cl)c(OC)cc(OC)c4Cl)ccc3n2)c(NC(=O)CC)c1|*N[C@H](C(=O)N1C[C@H](O)C[C@H]1C(=O)NCc1ccc(-c2scnc2C)cc1)C(C)(C)C,[*]N1CCC(NCCN2CCN(C(=O)CC(=O)[*])CC2)CC1,O=C(CC(=O)N1CCN(CCNC2CCN(c3ccc(Nc4ncc5cc(-c6ccccc6)ccc5n4)cc3)CC2)CC1)NCC(=O)N1CCC[C@H]1C(=O)NCc1ccc(-c2cncs2)cc1,0.4533539,0.4534,0,-4.762749671936035,35.3996467590332,1253.13499066433,model1_clean.pdb,3
8.6272,19.6926,11.3508,0.2425271,CCC(=O)Nc1cc(N2CCC3(CC2)CN(CCOCC(=O)CCC(=O)N[C@H](C(=O)N2C[C@H](O)C[C@H]2C(=O)NCc2ccc(-c4scnc4C)cc2)C(C)(C)C)C3)cc(C)c1Nc1ncc2cc(-c3c(Cl)c(OC)cc(OC)c3Cl)ccc2n1,1,*c1cc(C)c(Nc2ncc3cc(-c4c(Cl)c(OC)cc(OC)c4Cl)ccc3n2)c(NC(=O)CC)c1|*N[C@H](C(=O)N1C[C@H](O)C[C@H]1C(=O)NCc1ccc(-c2scnc2C)cc1)C(C)(C)C,[*]N1CCC2(CC1)CN(CCOCC(=O)CCC(=O)[*])C2,O=C(CCC(=O)NCC(=O)N1CCC[C@H]1C(=O)NCc1ccc(-c2cncs2)cc1)COCCN1CC2(CCN(c3ccc(Nc4ncc5cc(-c6ccccc6)ccc5n4)cc3)CC2)C1,0.2425271,0.2425,0,-4.6061625480651855,45.0078125,2025.7031860351562,model1_clean.pdb,3
12.9506,19.5223,0.6204,0.1573650,CCC(=O)Nc1cc(N2C[C@@H](C)N(C(=O)CCCOCCOCC(=O)N[C@H](C(=O)N3C[C@H](O)C[C@H]3C(=O)NCc3ccc(-c4scnc4C)cc3)C(C)(C)C)C[C@@H]2C)cc(C)c1Nc1ncc2cc(-c3c(Cl)c(OC)cc(OC)c3Cl)ccc2n1,1,*c1cc(C)c(Nc2ncc3cc(-c4c(Cl)c(OC)cc(OC)c4Cl)ccc3n2)c(NC(=O)CC)c1|*N[C@H](C(=O)N1C[C@H](O)C[C@H]1C(=O)NCc1ccc(-c2scnc2C)cc1)C(C)(C)C,[*]N1C[C@@H](C)N(C(=O)CCCOCCOCC(=O)[*])C[C@@H]1C,O=C(COCCOCCCC(=O)N1CCN(c2ccc(Nc3ncc4cc(-c5ccccc5)ccc4n3)cc2)CC1)NCC(=O)N1CCC[C@H]1C(=O)NCc1ccc(-c2cncs2)cc1,0.1573650,0.1574,0,-3.865001678466797,49.020599365234375,2403.019162126817,model1_clean.pdb,3
11.3812,22.7023,-6.2737,0.1283486,CCC(=O)Nc1cc(C2CC(NC(=O)CCCCC(=O)COCC(=O)N[C@H](C(=O)N3C[C@H](O)C[C@H]3C(=O)NCc3ccc(-c4scnc4C)cc3)C(C)(C)C)C2)cc(C)c1Nc1ncc2cc(-c3c(Cl)c(OC)cc(OC)c3Cl)ccc2n1,1,*c1cc(C)c(Nc2ncc3cc(-c4c(Cl)c(OC)cc(OC)c4Cl)ccc3n2)c(NC(=O)CC)c1|*N[C@H](C(=O)N1C[C@H](O)C[C@H]1C(=O)NCc1ccc(-c2scnc2C)cc1)C(C)(C)C,[*]C1CC(NC(=O)CCCCC(=O)COCC(=O)[*])C1,O=C(CCCCC(=O)NC1CC(c2ccc(Nc3ncc4cc(-c5ccccc5)ccc4n3)cc2)C1)COCC(=O)NCC(=O)N1CCC[C@H]1C(=O)NCc1ccc(-c2cncs2)cc1,0.1283486,0.1283,0,-4.430591106414795,51.96384811401367,2700.2415108162822,model1_clean.pdb,4
10.5000,17.2698,12.9763,0.2362972,CCC(=O)Nc1cc(N2CC(CN3CCN(CC(=O)CCCCC(=O)N[C@H](C(=O)N4C[C@H](O)C[C@H]4C(=O)NCc4ccc(-c5scnc5C)cc4)C(C)(C)C)CC3)C2)cc(C)c1Nc1ncc2cc(-c3c(Cl)c(OC)cc(OC)c3Cl)ccc2n1,1,*c1cc(C)c(Nc2ncc3cc(-c4c(Cl)c(OC)cc(OC)c4Cl)ccc3n2)c(NC(=O)CC)c1|*N[C@H](C(=O)N1C[C@H](O)C[C@H]1C(=O)NCc1ccc(-c2scnc2C)cc1)C(C)(C)C,[*]N1CC(CN2CCN(CC(=O)CCCCC(=O)[*])CC2)C1,O=C(CCCCC(=O)NCC(=O)N1CCC[C@H]1C(=O)NCc1ccc(-c2cncs2)cc1)CN1CCN(CC2CN(c3ccc(Nc4ncc5cc(-c6ccccc6)ccc5n4)cc3)C2)CC1,0.2362972,0.2363,0,-3.9291458129882812,43.26325225830078,1871.7089959653676,model1_clean.pdb,4
13.9316,21.8989,13.3235,0.2751752,CCC(=O)Nc1cc(N2CC3(CCN(C(=O)CCCCC(=O)NC(C)(C)C(=O)N[C@H](C(=O)N4C[C@H](O)C[C@H]4C(=O)NCc4ccc(-c5scnc5C)cc4)C(C)(C)C)CC3)C2)cc(C)c1Nc1ncc2cc(-c3c(Cl)c(OC)cc(OC)c3Cl)ccc2n1,1,*c1cc(C)c(Nc2ncc3cc(-c4c(Cl)c(OC)cc(OC)c4Cl)ccc3n2)c(NC(=O)CC)c1|*N[C@H](C(=O)N1C[C@H](O)C[C@H]1C(=O)NCc1ccc(-c2scnc2C)cc1)C(C)(C)C,[*]N1CC2(CCN(C(=O)CCCCC(=O)NC(C)(C)C(=O)[*])CC2)C1,O=C(CCCCC(=O)N1CCC2(CC1)CN(c1ccc(Nc3ncc4cc(-c5ccccc5)ccc4n3)cc1)C2)NCC(=O)NCC(=O)N1CCC[C@H]1C(=O)NCc1ccc(-c2cncs2)cc1,0.2751752,0.2752,0,-4.658807277679443,43.47219467163086,1889.8317095681705,model1_clean.pdb,4
9.7049,20.3017,9.9020,0.2359668,CCC(=O)Nc1cc(N2CC3CC(OCCOCC(=O)CC(=O)N[C@H](C(=O)N4C[C@H](O)C[C@H]4C(=O)NCc4ccc(-c5scnc5C)cc4)C(C)(C)C)CC3C2)cc(C)c1Nc1ncc2cc(-c3c(Cl)c(OC)cc(OC)c3Cl)ccc2n1,1,*c1cc(C)c(Nc2ncc3cc(-c4c(Cl)c(OC)cc(OC)c4Cl)ccc3n2)c(NC(=O)CC)c1|*N[C@H](C(=O)N1C[C@H](O)C[C@H]1C(=O)NCc1ccc(-c2scnc2C)cc1)C(C)(C)C,[*]N1CC2CC(OCCOCC(=O)CC(=O)[*])CC2C1,O=C(COCCOC1CC2CN(c3ccc(Nc4ncc5cc(-c6ccccc6)ccc5n4)cc3)CC2C1)CC(=O)NCC(=O)N1CCC[C@H]1C(=O)NCc1ccc(-c2cncs2)cc1,0.2359668,0.2360,0,-4.6171464920043945,45.78026580810547,2095.8327374607907,model1_clean.pdb,4
21.0104,29.7949,-13.3024,0.1288478,CCC(=O)Nc1cc(N2CCC(CCN3Cc4ccc(OCC(=O)CC(=O)N[C@H](C(=O)N5C[C@H](O)C[C@H]5C(=O)NCc5ccc(-c6scnc6C)cc5)C(C)(C)C)cc4C3=O)CC2)cc(C)c1Nc1ncc2cc(-c3c(Cl)c(OC)cc(OC)c3Cl)ccc2n1,1,*c1cc(C)c(Nc2ncc3cc(-c4c(Cl)c(OC)cc(OC)c4Cl)ccc3n2)c(NC(=O)CC)c1|*N[C@H](C(=O)N1C[C@H](O)C[C@H]1C(=O)NCc1ccc(-c2scnc2C)cc1)C(C)(C)C,[*]N1CCC(CCN2Cc3ccc(OCC(=O)CC(=O)[*])cc3C2=O)CC1,O=C(COc1ccc2c(c1)C(=O)N(CCC1CCN(c3ccc(Nc4ncc5cc(-c6ccccc6)ccc5n4)cc3)CC1)C2)CC(=O)NCC(=O)N1CCC[C@H]1C(=O)NCc1ccc(-c2cncs2)cc1,0.1288478,0.1288,0,-3.71565580368042,51.23469543457031,2624.99401627318,model1_clean.pdb,4
8.1891,12.7842,22.8636,0.2784979,CCC(=O)Nc1cc(N2CCC(CCOCCOCC(=O)N[C@H](C(=O)N3C[C@H](O)C[C@H]3C(=O)NCc3ccc(-c4scnc4C)cc3)C(C)(C)C)CC2)cc(C)c1Nc1ncc2cc(-c3c(Cl)c(OC)cc(OC)c3Cl)ccc2n1,1,*c1cc(C)c(Nc2ncc3cc(-c4c(Cl)c(OC)cc(OC)c4Cl)ccc3n2)c(NC(=O)CC)c1|*N[C@H](C(=O)N1C[C@H](O)C[C@H]1C(=O)NCc1ccc(-c2scnc2C)cc1)C(C)(C)C,[*]N1CCC(CCOCCOCC(=O)[*])CC1,O=C(COCCOCCC1CCN(c2ccc(Nc3ncc4cc(-c5ccccc5)ccc4n3)cc2)CC1)NCC(=O)N1CCC[C@H]1C(=O)NCc1ccc(-c2cncs2)cc1,0.2784979,0.2785,0,-3.739027500152588,37.49984359741211,1406.23826983037,model1_clean.pdb,4
8.4277,19.4063,31.6122,0.3985816,CCC(=O)Nc1cc(N2CCC(N3CCC(OCC(=O)CCCC(=O)N[C@H](C(=O)N4C[C@H](O)C[C@H]4C(=O)NCc4ccc(-c5scnc5C)cc4)C(C)(C)C)CC3)CC2)cc(C)c1Nc1ncc2cc(-c3c(Cl)c(OC)cc(OC)c3Cl)ccc2n1,1,*c1cc(C)c(Nc2ncc3cc(-c4c(Cl)c(OC)cc(OC)c4Cl)ccc3n2)c(NC(=O)CC)c1|*N[C@H](C(=O)N1C[C@H](O)C[C@H]1C(=O)NCc1ccc(-c2scnc2C)cc1)C(C)(C)C,[*]N1CCC(N2CCC(OCC(=O)CCCC(=O)[*])CC2)CC1,O=C(CCCC(=O)NCC(=O)N1CCC[C@H]1C(=O)NCc1ccc(-c2cncs2)cc1)COC1CCN(C2CCN(c3ccc(Nc4ncc5cc(-c6ccccc6)ccc5n4)cc3)CC2)CC1,0.3985816,0.3986,0,-4.614035129547119,37.83155822753906,1431.2267979236785,model1_clean.pdb,4
15.6056,19.5698,28.3755,0.3745725,CCC(=O)Nc1cc(N2CCC(N3CCN(C(=O)CCOc4cc(C(=O)N[C@H](C(=O)N5C[C@H](O)C[C@H]5C(=O)NCc5ccc(-c6scnc6C)cc5)C(C)(C)C)ccn4)CC3)CC2)cc(C)c1Nc1ncc2cc(-c3c(Cl)c(OC)cc(OC)c3Cl)ccc2n1,1,*c1cc(C)c(Nc2ncc3cc(-c4c(Cl)c(OC)cc(OC)c4Cl)ccc3n2)c(NC(=O)CC)c1|*N[C@H](C(=O)N1C[C@H](O)C[C@H]1C(=O)NCc1ccc(-c2scnc2C)cc1)C(C)(C)C,[*]N1CCC(N2CCN(C(=O)CCOc3cc(C(=O)[*])ccn3)CC2)CC1,O=C(NCC(=O)N1CCC[C@H]1C(=O)NCc1ccc(-c2cncs2)cc1)c1ccnc(OCCC(=O)N2CCN(C3CCN(c4ccc(Nc5ncc6cc(-c7ccccc7)ccc6n5)cc4)CC3)CC2)c1,0.3745725,0.3746,0,-4.874883651733398,39.04248046875,1524.3152811527252,model1_clean.pdb,4
10.1389,13.9755,48.7497,0.4900407,CCC(=O)Nc1cc(N2CCN(CCOCCC(=O)NCC(=O)N[C@H](C(=O)N3C[C@H](O)C[C@H]3C(=O)NCc3ccc(-c4scnc4C)cc3)C(C)(C)C)CC2)cc(C)c1Nc1ncc2cc(-c3c(Cl)c(OC)cc(OC)c3Cl)ccc2n1,1,*c1cc(C)c(Nc2ncc3cc(-c4c(Cl)c(OC)cc(OC)c4Cl)ccc3n2)c(NC(=O)CC)c1|*N[C@H](C(=O)N1C[C@H](O)C[C@H]1C(=O)NCc1ccc(-c2scnc2C)cc1)C(C)(C)C,[*]N1CCN(CCOCCC(=O)NCC(=O)[*])CC1,O=C(CCOCCN1CCN(c2ccc(Nc3ncc4cc(-c5ccccc5)ccc4n3)cc2)CC1)NCC(=O)NCC(=O)N1CCC[C@H]1C(=O)NCc1ccc(-c2cncs2)cc1,0.4900407,0.4900,0,-4.3965606689453125,31.682104110717773,1003.75572088236,model1_clean.pdb,4
23.1648,37.7152,-15.0105,0.1773802,CCC(=O)Nc1cc(NC2CCC(C(=O)NC3(C(=O)NCCCC(=O)CC(=O)N[C@H](C(=O)N4C[C@H](O)C[C@H]4C(=O)NCc4ccc(-c5scnc5C)cc4)C(C)(C)C)CCC3)CC2)cc(C)c1Nc1ncc2cc(-c3c(Cl)c(OC)cc(OC)c3Cl)ccc2n1,1,*c1cc(C)c(Nc2ncc3cc(-c4c(Cl)c(OC)cc(OC)c4Cl)ccc3n2)c(NC(=O)CC)c1|*N[C@H](C(=O)N1C[C@H](O)C[C@H]1C(=O)NCc1ccc(-c2scnc2C)cc1)C(C)(C)C,[*]NC1CCC(C(=O)NC2(C(=O)NCCCC(=O)CC(=O)[*])CCC2)CC1,O=C(CCCNC(=O)C1(NC(=O)C2CCC(Nc3ccc(Nc4ncc5cc(-c6ccccc6)ccc5n4)cc3)CC2)CCC1)CC(=O)NCC(=O)N1CCC[C@H]1C(=O)NCc1ccc(-c2cncs2)cc1,0.1773802,0.1774,0,-4.394993782043457,48.95263671875,2396.3606417179108,model1_clean.pdb,4
8.6502,13.4121,9.0725,0.1756608,CCC(=O)Nc1cc(N2CC(NC(=O)COCCOCCC(=O)N[C@H](C(=O)N3C[C@H](O)C[C@H]3C(=O)NCc3ccc(-c4scnc4C)cc3)C(C)(C)C)C2)cc(C)c1Nc1ncc2cc(-c3c(Cl)c(OC)cc(OC)c3Cl)ccc2n1,1,*c1cc(C)c(Nc2ncc3cc(-c4c(Cl)c(OC)cc(OC)c4Cl)ccc3n2)c(NC(=O)CC)c1|*N[C@H](C(=O)N1C[C@H](O)C[C@H]1C(=O)NCc1ccc(-c2scnc2C)cc1)C(C)(C)C,[*]N1CC(NC(=O)COCCOCCC(=O)[*])C1,O=C(CCOCCOCC(=O)NC1CN(c2ccc(Nc3ncc4cc(-c5ccccc5)ccc4n3)cc2)C1)NCC(=O)N1CCC[C@H]1C(=O)NCc1ccc(-c2cncs2)cc1,0.1756608,0.1757,0,-3.9624295234680176,47.5001220703125,2256.2615966945887,model1_clean.pdb,5
11.4891,14.6239,27.0549,0.3256156,CCC(=O)Nc1cc(N2CC3(CC(N4CCN(C(=O)CCCCC(=O)N[C@H](C(=O)N5C[C@H](O)C[C@H]5C(=O)NCc5ccc(-c6scnc6C)cc5)C(C)(C)C)CC4)C3)C2)cc(C)c1Nc1ncc2cc(-c3c(Cl)c(OC)cc(OC)c3Cl)ccc2n1,1,*c1cc(C)c(Nc2ncc3cc(-c4c(Cl)c(OC)cc(OC)c4Cl)ccc3n2)c(NC(=O)CC)c1|*N[C@H](C(=O)N1C[C@H](O)C[C@H]1C(=O)NCc1ccc(-c2scnc2C)cc1)C(C)(C)C,[*]N1CC2(CC(N3CCN(C(=O)CCCCC(=O)[*])CC3)C2)C1,O=C(CCCCC(=O)N1CCN(C2CC3(C2)CN(c2ccc(Nc4ncc5cc(-c6ccccc6)ccc5n4)cc2)C3)CC1)NCC(=O)N1CCC[C@H]1C(=O)NCc1ccc(-c2cncs2)cc1,0.3256156,0.3256,0,-4.246800422668457,40.20713806152344,1616.6139510984067,model1_clean.pdb,5
6.6434,9.2525,30.2831,0.3088717,CCC(=O)Nc1cc(N2CCC(C(=O)NCCOCCOCC(=O)N[C@H](C(=O)N3C[C@H](O)C[C@H]3C(=O)NCc3ccc(-c4scnc4C)cc3)C(C)(C)C)CC2)cc(C)c1Nc1ncc2cc(-c3c(Cl)c(OC)cc(OC)c3Cl)ccc2n1,1,*c1cc(C)c(Nc2ncc3cc(-c4c(Cl)c(OC)cc(OC)c4Cl)ccc3n2)c(NC(=O)CC)c1|*N[C@H](C(=O)N1C[C@H](O)C[C@H]1C(=O)NCc1ccc(-c2scnc2C)cc1)C(C)(C)C,[*]N1CCC(C(=O)NCCOCCOCC(=O)[*])CC1,O=C(COCCOCCNC(=O)C1CCN(c2ccc(Nc3ncc4cc(-c5ccccc5)ccc4n3)cc2)CC1)NCC(=O)N1CCC[C@H]1C(=O)NCc1ccc(-c2cncs2)cc1,0.3088717,0.3089,0,-4.356421947479248,41.33028793334961,1708.1927006535843,model1_clean.pdb,5
10.8746,29.4252,-11.8742,0.1371172,CCC(=O)Nc1cc(N2CCC(CCCC(=O)CCC(=O)COCC(=O)N[C@H](C(=O)N3C[C@H](O)C[C@H]3C(=O)NCc3ccc(-c4scnc4C)cc3)C(C)(C)C)CC2)cc(C)c1Nc1ncc2cc(-c3c(Cl)c(OC)cc(OC)c3Cl)ccc2n1,1,*c1cc(C)c(Nc2ncc3cc(-c4c(Cl)c(OC)cc(OC)c4Cl)ccc3n2)c(NC(=O)CC)c1|*N[C@H](C(=O)N1C[C@H](O)C[C@H]1C(=O)NCc1ccc(-c2scnc2C)cc1)C(C)(C)C,[*]N1CCC(CCCC(=O)CCC(=O)COCC(=O)[*])CC1,O=C(CCCC1CCN(c2ccc(Nc3ncc4cc(-c5ccccc5)ccc4n3)cc2)CC1)CCC(=O)COCC(=O)NCC(=O)N1CCC[C@H]1C(=O)NCc1ccc(-c2cncs2)cc1,0.1371172,0.1371,0,-4.204132080078125,51.74876022338867,2677.9341846577736,model1_clean.pdb,5
14.5432,28.0589,5.5697,0.2627240,CCC(=O)Nc1cc(N2CCC(N3CCC(C(=O)NCC(=O)NCC(=O)NCC(=O)N[C@H](C(=O)N4C[C@H](O)C[C@H]4C(=O)NCc4ccc(-c5scnc5C)cc4)C(C)(C)C)CC3)CC2)cc(C)c1Nc1ncc2cc(-c3c(Cl)c(OC)cc(OC)c3Cl)ccc2n1,1,*c1cc(C)c(Nc2ncc3cc(-c4c(Cl)c(OC)cc(OC)c4Cl)ccc3n2)c(NC(=O)CC)c1|*N[C@H](C(=O)N1C[C@H](O)C[C@H]1C(=O)NCc1ccc(-c2scnc2C)cc1)C(C)(C)C,[*]N1CCC(N2CCC(C(=O)NCC(=O)NCC(=O)NCC(=O)[*])CC2)CC1,O=C(CNC(=O)CNC(=O)C1CCN(C2CCN(c3ccc(Nc4ncc5cc(-c6ccccc6)ccc5n4)cc3)CC2)CC1)NCC(=O)NCC(=O)N1CCC[C@H]1C(=O)NCc1ccc(-c2cncs2)cc1,0.2627240,0.2627,0,-4.062400817871094,42.55455017089844,1810.8897402475122,model1_clean.pdb,5
9.4636,19.3504,2.2865,0.1690384,CCC(=O)Nc1cc(N2CCC(OCC(=O)COCCOCC(=O)N[C@H](C(=O)N3C[C@H](O)C[C@H]3C(=O)NCc3ccc(-c4scnc4C)cc3)C(C)(C)C)CC2)cc(C)c1Nc1ncc2cc(-c3c(Cl)c(OC)cc(OC)c3Cl)ccc2n1,1,*c1cc(C)c(Nc2ncc3cc(-c4c(Cl)c(OC)cc(OC)c4Cl)ccc3n2)c(NC(=O)CC)c1|*N[C@H](C(=O)N1C[C@H](O)C[C@H]1C(=O)NCc1ccc(-c2scnc2C)cc1)C(C)(C)C,[*]N1CCC(OCC(=O)COCCOCC(=O)[*])CC1,O=C(COCCOCC(=O)NCC(=O)N1CCC[C@H]1C(=O)NCc1ccc(-c2cncs2)cc1)COC1CCN(c2ccc(Nc3ncc4cc(-c5ccccc5)ccc4n3)cc2)CC1,0.1690384,0.1690,0,-4.47540283203125,50.78644561767578,2579.2630584771396,model1_clean.pdb,5
7.7509,19.8436,13.7839,0.2627153,CCC(=O)Nc1cc(N2CCC(OCCCOCC(=O)CC(=O)N[C@H](C(=O)N3C[C@H](O)C[C@H]3C(=O)NCc3ccc(-c4scnc4C)cc3)C(C)(C)C)CC2)cc(C)c1Nc1ncc2cc(-c3c(Cl)c(OC)cc(OC)c3Cl)ccc2n1,1,*c1cc(C)c(Nc2ncc3cc(-c4c(Cl)c(OC)cc(OC)c4Cl)ccc3n2)c(NC(=O)CC)c1|*N[C@H](C(=O)N1C[C@H](O)C[C@H]1C(=O)NCc1ccc(-c2scnc2C)cc1)C(C)(C)C,[*]N1CCC(OCCCOCC(=O)CC(=O)[*])CC1,O=C(COCCCOC1CCN(c2ccc(Nc3ncc4cc(-c5ccccc5)ccc4n3)cc2)CC1)CC(=O)NCC(=O)N1CCC[C@H]1C(=O)NCc1ccc(-c2cncs2)cc1,0.2627153,0.2627,0,-4.630224227905273,44.163211822509766,1950.3892784798663,model1_clean.pdb,5
11.3107,28.8769,4.9342,0.2641494,CCC(=O)Nc1cc(N2CCN(C(=O)CCCCC(=O)N(C)CCC(=O)CC(=O)N[C@H](C(=O)N3C[C@H](O)C[C@H]3C(=O)NCc3ccc(-c4scnc4C)cc3)C(C)(C)C)CC2)cc(C)c1Nc1ncc2cc(-c3c(Cl)c(OC)cc(OC)c3Cl)ccc2n1,1,*c1cc(C)c(Nc2ncc3cc(-c4c(Cl)c(OC)cc(OC)c4Cl)ccc3n2)c(NC(=O)CC)c1|*N[C@H](C(=O)N1C[C@H](O)C[C@H]1C(=O)NCc1ccc(-c2scnc2C)cc1)C(C)(C)C,[*]N1CCN(C(=O)CCCCC(=O)N(C)CCC(=O)CC(=O)[*])CC1,O=C(CCNC(=O)CCCCC(=O)N1CCN(c2ccc(Nc3ncc4cc(-c5ccccc5)ccc4n3)cc2)CC1)CC(=O)NCC(=O)N1CCC[C@H]1C(=O)NCc1ccc(-c2cncs2)cc1,0.2641494,0.2641,0,-4.39177131652832,43.8634033203125,1923.9981508404016,model1_clean.pdb,5
18.3355,30.3083,-4.4812,0.2017743,CCC(=O)Nc1cc(N2CCN(C(=O)COCC[C@H](O)COCC(=O)CC(=O)N[C@H](C(=O)N3C[C@H](O)C[C@H]3C(=O)NCc3ccc(-c4scnc4C)cc3)C(C)(C)C)CC2)cc(C)c1Nc1ncc2cc(-c3c(Cl)c(OC)cc(OC)c3Cl)ccc2n1,1,*c1cc(C)c(Nc2ncc3cc(-c4c(Cl)c(OC)cc(OC)c4Cl)ccc3n2)c(NC(=O)CC)c1|*N[C@H](C(=O)N1C[C@H](O)C[C@H]1C(=O)NCc1ccc(-c2scnc2C)cc1)C(C)(C)C,[*]N1CCN(C(=O)COCC[C@H](O)COCC(=O)CC(=O)[*])CC1,O=C(COCCCCOCC(=O)N1CCN(c2ccc(Nc3ncc4cc(-c5ccccc5)ccc4n3)cc2)CC1)CC(=O)NCC(=O)N1CCC[C@H]1C(=O)NCc1ccc(-c2cncs2)cc1,0.2017743,0.2018,0,-4.640532493591309,47.190181732177734,2226.913251915961,model1_clean.pdb,5
13.1099,19.8242,1.6667,0.1678974,CCC(=O)Nc1cc(N2CCN(CCOCCOCCNC(=O)CCC(=O)N[C@H](C(=O)N3C[C@H](O)C[C@H]3C(=O)NCc3ccc(-c4scnc4C)cc3)C(C)(C)C)CC2)cc(C)c1Nc1ncc2cc(-c3c(Cl)c(OC)cc(OC)c3Cl)ccc2n1,1,*c1cc(C)c(Nc2ncc3cc(-c4c(Cl)c(OC)cc(OC)c4Cl)ccc3n2)c(NC(=O)CC)c1|*N[C@H](C(=O)N1C[C@H](O)C[C@H]1C(=O)NCc1ccc(-c2scnc2C)cc1)C(C)(C)C,[*]N1CCN(CCOCCOCCNC(=O)CCC(=O)[*])CC1,O=C(CCC(=O)NCC(=O)N1CCC[C@H]1C(=O)NCc1ccc(-c2cncs2)cc1)NCCOCCOCCN1CCN(c2ccc(Nc3ncc4cc(-c5ccccc5)ccc4n3)cc2)CC1,0.1678974,0.1679,0,-4.081730842590332,48.84563064575195,2385.8956331812224,model1_clean.pdb,5
19.3191,52.7518,-52.7518,0.0000000,CCC(=O)Nc1cc(N2CC(NC(=O)CCNCCCC(=O)CC(=O)NC(C(=O)N3CCC(C(=O)N[C@H](C(=O)N4C[C@H](O)C[C@H]4C(=O)NCc4ccc(-c5scnc5C)cc4)C(C)(C)C)CC3)C(C)(C)C)C2)cc(C)c1Nc1ncc2cc(-c3c(Cl)c(OC)cc(OC)c3Cl)ccc2n1,1,*c1cc(C)c(Nc2ncc3cc(-c4c(Cl)c(OC)cc(OC)c4Cl)ccc3n2)c(NC(=O)CC)c1|*N[C@H](C(=O)N1C[C@H](O)C[C@H]1C(=O)NCc1ccc(-c2scnc2C)cc1)C(C)(C)C,[*]N1CC(NC(=O)CCNCCCC(=O)CC(=O)NC(C(=O)N2CCC(C(=O)[*])CC2)C(C)(C)C)C1,O=C(CCCNCCC(=O)NC1CN(c2ccc(Nc3ncc4cc(-c5ccccc5)ccc4n3)cc2)C1)CC(=O)NCC(=O)N1CCC(C(=O)NCC(=O)N2CCC[C@H]2C(=O)NCc2ccc(-c3cncs3)cc2)CC1,-inf,-inf,inf,inf,inf,inf,no_3d_cif_file,6
15.0686,25.3726,21.1850,0.3637316,CCC(=O)Nc1cc(N2CCC(C)(CN3CCN(C(=O)CCC(=O)CC(=O)N[C@H](C(=O)N4C[C@H](O)C[C@H]4C(=O)NCc4ccc(-c5scnc5C)cc4)C(C)(C)C)CC3)CC2)cc(C)c1Nc1ncc2cc(-c3c(Cl)c(OC)cc(OC)c3Cl)ccc2n1,1,*c1cc(C)c(Nc2ncc3cc(-c4c(Cl)c(OC)cc(OC)c4Cl)ccc3n2)c(NC(=O)CC)c1|*N[C@H](C(=O)N1C[C@H](O)C[C@H]1C(=O)NCc1ccc(-c2scnc2C)cc1)C(C)(C)C,[*]N1CCC(C)(CN2CCN(C(=O)CCC(=O)CC(=O)[*])CC2)CC1,O=C(CCC(=O)N1CCN(CC2CCN(c3ccc(Nc4ncc5cc(-c6ccccc6)ccc5n4)cc3)CC2)CC1)CC(=O)NCC(=O)N1CCC[C@H]1C(=O)NCc1ccc(-c2cncs2)cc1,0.3637316,0.3637,0,-4.497045516967773,39.06215286254883,1525.8517862571316,model1_clean.pdb,6
11.5387,24.4675,15.8515,0.3149923,CCC(=O)Nc1cc(N2CCC(CN3CC(OCCN4CCN(CC(=O)CCC(=O)N[C@H](C(=O)N5C[C@H](O)C[C@H]5C(=O)NCc5ccc(-c6scnc6C)cc5)C(C)(C)C)CC4)C3)CC2)cc(C)c1Nc1ncc2cc(-c3c(Cl)c(OC)cc(OC)c3Cl)ccc2n1,1,*c1cc(C)c(Nc2ncc3cc(-c4c(Cl)c(OC)cc(OC)c4Cl)ccc3n2)c(NC(=O)CC)c1|*N[C@H](C(=O)N1C[C@H](O)C[C@H]1C(=O)NCc1ccc(-c2scnc2C)cc1)C(C)(C)C,[*]N1CCC(CN2CC(OCCN3CCN(CC(=O)CCC(=O)[*])CC3)C2)CC1,O=C(CCC(=O)NCC(=O)N1CCC[C@H]1C(=O)NCc1ccc(-c2cncs2)cc1)CN1CCN(CCOC2CN(CC3CCN(c4ccc(Nc5ncc6cc(-c7ccccc7)ccc6n5)cc4)CC3)C2)CC1,0.3149923,0.3150,0,-4.352434158325195,41.12197494506836,1691.01682338283,model1_clean.pdb,6
8.4942,7.4176,13.0189,0.1596601,CCC(=O)Nc1cc(N2CCC(CN3CCN(CCOCC(=O)N[C@H](C(=O)N4C[C@H](O)C[C@H]4C(=O)NCc4ccc(-c5scnc5C)cc4)C(C)(C)C)CC3)CC2)cc(C)c1Nc1ncc2cc(-c3c(Cl)c(OC)cc(OC)c3Cl)ccc2n1,1,*c1cc(C)c(Nc2ncc3cc(-c4c(Cl)c(OC)cc(OC)c4Cl)ccc3n2)c(NC(=O)CC)c1|*N[C@H](C(=O)N1C[C@H](O)C[C@H]1C(=O)NCc1ccc(-c2scnc2C)cc1)C(C)(C)C,[*]N1CCC(CN2CCN(CCOCC(=O)[*])CC2)CC1,O=C(COCCN1CCN(CC2CCN(c3ccc(Nc4ncc5cc(-c6ccccc6)ccc5n4)cc3)CC2)CC1)NCC(=O)N1CCC[C@H]1C(=O)NCc1ccc(-c2cncs2)cc1,0.1596601,0.1597,0,-3.951469898223877,49.707786560058594,2470.8640447003418,model1_clean.pdb,6
25.2215,38.5081,-27.7223,0.0842641,CCC(=O)Nc1cc(N2CCC(N3CC(OCCCC(=O)N4CCN(C(C)=O)CC4C(=O)N[C@H](C(=O)N4C[C@H](O)C[C@H]4C(=O)NCc4ccc(-c5scnc5C)cc4)C(C)(C)C)C3)CC2)cc(C)c1Nc1ncc2cc(-c3c(Cl)c(OC)cc(OC)c3Cl)ccc2n1,1,*c1cc(C)c(Nc2ncc3cc(-c4c(Cl)c(OC)cc(OC)c4Cl)ccc3n2)c(NC(=O)CC)c1|*N[C@H](C(=O)N1C[C@H](O)C[C@H]1C(=O)NCc1ccc(-c2scnc2C)cc1)C(C)(C)C,[*]N1CCC(N2CC(OCCCC(=O)N3CCN(C(C)=O)CC3C(=O)[*])C2)CC1,O=C(NCC(=O)N1CCC[C@H]1C(=O)NCc1ccc(-c2cncs2)cc1)C1CNCCN1C(=O)CCCOC1CN(C2CCN(c3ccc(Nc4ncc5cc(-c6ccccc6)ccc5n4)cc3)CC2)C1,0.0842641,0.0843,0,-3.9958152770996094,54.43413162231445,2963.0746854754543,model1_clean.pdb,6
12.2798,31.1961,-3.8601,0.2135628,CCC(=O)Nc1cc(N2CCC(N3CCC(CCCC(=O)CC(=O)CCC(=O)N[C@H](C(=O)N4C[C@H](O)C[C@H]4C(=O)NCc4ccc(-c5scnc5C)cc4)C(C)(C)C)CC3)CC2)cc(C)c1Nc1ncc2cc(-c3c(Cl)c(OC)cc(OC)c3Cl)ccc2n1,1,*c1cc(C)c(Nc2ncc3cc(-c4c(Cl)c(OC)cc(OC)c4Cl)ccc3n2)c(NC(=O)CC)c1|*N[C@H](C(=O)N1C[C@H](O)C[C@H]1C(=O)NCc1ccc(-c2scnc2C)cc1)C(C)(C)C,[*]N1CCC(N2CCC(CCCC(=O)CC(=O)CCC(=O)[*])CC2)CC1,O=C(CCCC1CCN(C2CCN(c3ccc(Nc4ncc5cc(-c6ccccc6)ccc5n4)cc3)CC2)CC1)CC(=O)CCC(=O)NCC(=O)N1CCC[C@H]1C(=O)NCc1ccc(-c2cncs2)cc1,0.2135628,0.2136,0,-3.972052574157715,44.79161834716797,2006.2890741583542,model1_clean.pdb,6
7.2610,15.2527,18.5420,0.2640214,CCC(=O)Nc1cc(N2CCC(N3CCN(CC(=O)CCOCC(=O)N[C@H](C(=O)N4C[C@H](O)C[C@H]4C(=O)NCc4ccc(-c5scnc5C)cc4)C(C)(C)C)CC3)CC2)cc(C)c1Nc1ncc2cc(-c3c(Cl)c(OC)cc(OC)c3Cl)ccc2n1,1,*c1cc(C)c(Nc2ncc3cc(-c4c(Cl)c(OC)cc(OC)c4Cl)ccc3n2)c(NC(=O)CC)c1|*N[C@H](C(=O)N1C[C@H](O)C[C@H]1C(=O)NCc1ccc(-c2scnc2C)cc1)C(C)(C)C,[*]N1CCC(N2CCN(CC(=O)CCOCC(=O)[*])CC2)CC1,O=C(CCOCC(=O)NCC(=O)N1CCC[C@H]1C(=O)NCc1ccc(-c2cncs2)cc1)CN1CCN(C2CCN(c3ccc(Nc4ncc5cc(-c6ccccc6)ccc5n4)cc3)CC2)CC1,0.2640214,0.2640,0,-4.322989463806152,43.64534378051758,1904.9160337195644,model1_clean.pdb,6
14.3829,19.6762,22.1871,0.3270572,CCC(=O)Nc1cc(N2CCC(OCC(=O)COCCN[C@H](C(=O)N3C[C@H](O)C[C@H]3C(=O)NCc3ccc(-c4scnc4C)cc3)C(C)(C)C)CC2)cc(C)c1Nc1ncc2cc(-c3c(Cl)c(OC)cc(OC)c3Cl)ccc2n1,1,*c1cc(C)c(Nc2ncc3cc(-c4c(Cl)c(OC)cc(OC)c4Cl)ccc3n2)c(NC(=O)CC)c1|*N[C@H](C(=O)N1C[C@H](O)C[C@H]1C(=O)NCc1ccc(-c2scnc2C)cc1)C(C)(C)C,[*]N1CCC(OCC(=O)COCC[*])CC1,O=C(COCCNCC(=O)N1CCC[C@H]1C(=O)NCc1ccc(-c2cncs2)cc1)COC1CCN(c2ccc(Nc3ncc4cc(-c5ccccc5)ccc4n3)cc2)CC1,0.3270572,0.3271,0,-4.160495758056641,39.69609069824219,1575.77961672307,model1_clean.pdb,6
13.7845,30.5601,-8.2752,0.1741010,CCC(=O)Nc1cc(N2CCC3(CC2)CN(CCOCCNC(=O)CC(=O)NCC(=O)N[C@H](C(=O)N2C[C@H](O)C[C@H]2C(=O)NCc2ccc(-c4scnc4C)cc2)C(C)(C)C)C3)cc(C)c1Nc1ncc2cc(-c3c(Cl)c(OC)cc(OC)c3Cl)ccc2n1,1,*c1cc(C)c(Nc2ncc3cc(-c4c(Cl)c(OC)cc(OC)c4Cl)ccc3n2)c(NC(=O)CC)c1|*N[C@H](C(=O)N1C[C@H](O)C[C@H]1C(=O)NCc1ccc(-c2scnc2C)cc1)C(C)(C)C,[*]N1CCC2(CC1)CN(CCOCCNC(=O)CC(=O)NCC(=O)[*])C2,O=C(CNC(=O)CC(=O)NCCOCCN1CC2(CCN(c3ccc(Nc4ncc5cc(-c6ccccc6)ccc5n4)cc3)CC2)C1)NCC(=O)N1CCC[C@H]1C(=O)NCc1ccc(-c2cncs2)cc1,0.1741010,0.1741,0,-3.9682116508483887,48.07001495361328,2310.7263376406045,model1_clean.pdb,6
21.2283,44.1782,-44.1782,0.0000000,CCC(=O)Nc1cc(N2CC[C@H](COCCOCC(C)(C)CC(=O)N[C@H](C(=O)N3C[C@H](O)C[C@H]3C(=O)N[C@H](C(=O)N3C[C@H](O)C[C@H]3C(=O)NCc3ccc(-c4scnc4C)cc3)C(C)(C)C)C(C)(C)C)C2)cc(C)c1Nc1ncc2cc(-c3c(Cl)c(OC)cc(OC)c3Cl)ccc2n1,1,*c1cc(C)c(Nc2ncc3cc(-c4c(Cl)c(OC)cc(OC)c4Cl)ccc3n2)c(NC(=O)CC)c1|*N[C@H](C(=O)N1C[C@H](O)C[C@H]1C(=O)NCc1ccc(-c2scnc2C)cc1)C(C)(C)C,[*]N1CC[C@H](COCCOCC(C)(C)CC(=O)N[C@H](C(=O)N2C[C@H](O)C[C@H]2C(=O)[*])C(C)(C)C)C1,O=C(CCCOCCOC[C@H]1CCN(c2ccc(Nc3ncc4cc(-c5ccccc5)ccc4n3)cc2)C1)NCC(=O)N1CCC[C@H]1C(=O)NCC(=O)N1CCC[C@H]1C(=O)NCc1ccc(-c2cncs2)cc1,-inf,-inf,inf,inf,inf,inf,no_3d_cif_file,6
7.1760,11.4917,16.4270,0.2181148,CCC(=O)Nc1cc(N2CC3(CN(C(=O)CCOCCOCC(=O)N[C@H](C(=O)N4C[C@H](O)C[C@H]4C(=O)NCc4ccc(-c5scnc5C)cc4)C(C)(C)C)C3)C2)cc(C)c1Nc1ncc2cc(-c3c(Cl)c(OC)cc(OC)c3Cl)ccc2n1,1,*c1cc(C)c(Nc2ncc3cc(-c4c(Cl)c(OC)cc(OC)c4Cl)ccc3n2)c(NC(=O)CC)c1|*N[C@H](C(=O)N1C[C@H](O)C[C@H]1C(=O)NCc1ccc(-c2scnc2C)cc1)C(C)(C)C,[*]N1CC2(C1)CN(C(=O)CCOCCOCC(=O)[*])C2,O=C(COCCOCCC(=O)N1CC2(C1)CN(c1ccc(Nc3ncc4cc(-c5ccccc5)ccc4n3)cc1)C2)NCC(=O)N1CCC[C@H]1C(=O)NCc1ccc(-c2cncs2)cc1,0.2181148,0.2181,0,-4.527256011962891,46.50166702270508,2162.405035890537,model1_clean.pdb,7
12.9560,24.8027,-2.8045,0.1718609,CCC(=O)Nc1cc(N2CCC(N(C)C(=O)CCN3CCN(CCC(=O)CC(=O)N[C@H](C(=O)N4C[C@H](O)C[C@H]4C(=O)NCc4ccc(-c5scnc5C)cc4)C(C)(C)C)CC3)CC2)cc(C)c1Nc1ncc2cc(-c3c(Cl)c(OC)cc(OC)c3Cl)ccc2n1,1,*c1cc(C)c(Nc2ncc3cc(-c4c(Cl)c(OC)cc(OC)c4Cl)ccc3n2)c(NC(=O)CC)c1|*N[C@H](C(=O)N1C[C@H](O)C[C@H]1C(=O)NCc1ccc(-c2scnc2C)cc1)C(C)(C)C,[*]N1CCC(N(C)C(=O)CCN2CCN(CCC(=O)CC(=O)[*])CC2)CC1,O=C(CCN1CCN(CCC(=O)NC2CCN(c3ccc(Nc4ncc5cc(-c6ccccc6)ccc5n4)cc3)CC2)CC1)CC(=O)NCC(=O)N1CCC[C@H]1C(=O)NCc1ccc(-c2cncs2)cc1,0.1718609,0.1719,0,-4.237279415130615,49.564697265625,2456.6592150330544,model1_clean.pdb,7
14.4177,17.9608,4.5021,0.1754914,CCC(=O)Nc1cc(N2CCC(N3CC4(CC(OCCN[C@H](C(=O)N5C[C@H](O)C[C@H]5C(=O)NCc5ccc(-c6scnc6C)cc5)C(C)(C)C)C4)C3)CC2)cc(C)c1Nc1ncc2cc(-c3c(Cl)c(OC)cc(OC)c3Cl)ccc2n1,1,*c1cc(C)c(Nc2ncc3cc(-c4c(Cl)c(OC)cc(OC)c4Cl)ccc3n2)c(NC(=O)CC)c1|*N[C@H](C(=O)N1C[C@H](O)C[C@H]1C(=O)NCc1ccc(-c2scnc2C)cc1)C(C)(C)C,[*]N1CCC(N2CC3(CC(OCC[*])C3)C2)CC1,O=C(NCc1ccc(-c2cncs2)cc1)[C@@H]1CCCN1C(=O)CNCCOC1CC2(C1)CN(C1CCN(c3ccc(Nc4ncc5cc(-c6ccccc6)ccc5n4)cc3)CC1)C2,0.1754914,0.1755,0,-4.297158718109131,48.981536865234375,2399.190953680314,model1_clean.pdb,7
15.2502,27.8912,13.3417,0.3221315,CCC(=O)Nc1cc(N2CCC(N3CCC(OCCOCC(=O)CCC(=O)N[C@H](C(=O)N4C[C@H](O)C[C@H]4C(=O)NCc4ccc(-c5scnc5C)cc4)C(C)(C)C)C3)CC2)cc(C)c1Nc1ncc2cc(-c3c(Cl)c(OC)cc(OC)c3Cl)ccc2n1,1,*c1cc(C)c(Nc2ncc3cc(-c4c(Cl)c(OC)cc(OC)c4Cl)ccc3n2)c(NC(=O)CC)c1|*N[C@H](C(=O)N1C[C@H](O)C[C@H]1C(=O)NCc1ccc(-c2scnc2C)cc1)C(C)(C)C,[*]N1CCC(N2CCC(OCCOCC(=O)CCC(=O)[*])C2)CC1,O=C(CCC(=O)NCC(=O)N1CCC[C@H]1C(=O)NCc1ccc(-c2cncs2)cc1)COCCOC1CCN(C2CCN(c3ccc(Nc4ncc5cc(-c6ccccc6)ccc5n4)cc3)CC2)C1,0.3221315,0.3221,0,-4.524559020996094,41.1889762878418,1696.5317676403938,model1_clean.pdb,7
5.7394,15.2527,18.5420,0.2640214,CCC(=O)Nc1cc(N2CCC(N3CCN(CC(=O)CCOCC(=O)N[C@H](C(=O)N4C[C@H](O)C[C@H]4C(=O)NCc4ccc(-c5scnc5C)cc4)C(C)(C)C)CC3)CC2)cc(C)c1Nc1ncc2cc(-c3c(Cl)c(OC)cc(OC)c3Cl)ccc2n1,1,*c1cc(C)c(Nc2ncc3cc(-c4c(Cl)c(OC)cc(OC)c4Cl)ccc3n2)c(NC(=O)CC)c1|*N[C@H](C(=O)N1C[C@H](O)C[C@H]1C(=O)NCc1ccc(-c2scnc2C)cc1)C(C)(C)C,[*]N1CCC(N2CCN(CC(=O)CCOCC(=O)[*])CC2)CC1,O=C(CCOCC(=O)NCC(=O)N1CCC[C@H]1C(=O)NCc1ccc(-c2cncs2)cc1)CN1CCN(C2CCN(c3ccc(Nc4ncc5cc(-c6ccccc6)ccc5n4)cc3)CC2)CC1,0.2640214,0.2640,0,-4.322989463806152,43.64534378051758,1904.9160337195644,model1_clean.pdb,7
21.6702,37.4394,-37.4394,0.0000000,CCC(=O)Nc1cc(N2CCC(N3CCN(CC4(CN5CCN(C(=O)CCC(=O)CC(C)(C)C(=O)N[C@H](C(=O)N6C[C@H](O)C[C@H]6C(=O)NCc6ccc(-c7scnc7C)cc6)C(C)(C)C)CC5)CC4)CC3)CC2)cc(C)c1Nc1ncc2cc(-c3c(Cl)c(OC)cc(OC)c3Cl)ccc2n1,1,*c1cc(C)c(Nc2ncc3cc(-c4c(Cl)c(OC)cc(OC)c4Cl)ccc3n2)c(NC(=O)CC)c1|*N[C@H](C(=O)N1C[C@H](O)C[C@H]1C(=O)NCc1ccc(-c2scnc2C)cc1)C(C)(C)C,[*]N1CCC(N2CCN(CC3(CN4CCN(C(=O)CCC(=O)CC(C)(C)C(=O)[*])CC4)CC3)CC2)CC1,O=C(CCC(=O)NCC(=O)N1CCC[C@H]1C(=O)NCc1ccc(-c2cncs2)cc1)CCC(=O)N1CCN(CC2(CN3CCN(C4CCN(c5ccc(Nc6ncc7cc(-c8ccccc8)ccc7n6)cc5)CC4)CC3)CC2)CC1,-inf,-inf,inf,inf,inf,inf,no_3d_cif_file,7
10.4480,32.6906,-6.2613,0.2064793,CCC(=O)Nc1cc(N2CCN(C(=O)CCCOCC(=O)N(C)CC(=O)CCC(=O)N[C@H](C(=O)N3C[C@H](O)C[C@H]3C(=O)NCc3ccc(-c4scnc4C)cc3)C(C)(C)C)CC2)cc(C)c1Nc1ncc2cc(-c3c(Cl)c(OC)cc(OC)c3Cl)ccc2n1,1,*c1cc(C)c(Nc2ncc3cc(-c4c(Cl)c(OC)cc(OC)c4Cl)ccc3n2)c(NC(=O)CC)c1|*N[C@H](C(=O)N1C[C@H](O)C[C@H]1C(=O)NCc1ccc(-c2scnc2C)cc1)C(C)(C)C,[*]N1CCN(C(=O)CCCOCC(=O)N(C)CC(=O)CCC(=O)[*])CC1,O=C(CCC(=O)NCC(=O)N1CCC[C@H]1C(=O)NCc1ccc(-c2cncs2)cc1)CNC(=O)COCCCC(=O)N1CCN(c2ccc(Nc3ncc4cc(-c5ccccc5)ccc4n3)cc2)CC1,0.2064793,0.2065,0,-4.260237693786621,46.81178665161133,2191.3433695159765,model1_clean.pdb,7
16.1429,39.8022,-39.8022,0.0000000,CCC(=O)Nc1cc(N2CCN(CC(=O)CCCCC(=O)NC(C(=O)N3CCC(C(=O)NCC(=O)N[C@H](C(=O)N4C[C@H](O)C[C@H]4C(=O)NCc4ccc(-c5scnc5C)cc4)C(C)(C)C)CC3)C(C)(C)C)CC2)cc(C)c1Nc1ncc2cc(-c3c(Cl)c(OC)cc(OC)c3Cl)ccc2n1,1,*c1cc(C)c(Nc2ncc3cc(-c4c(Cl)c(OC)cc(OC)c4Cl)ccc3n2)c(NC(=O)CC)c1|*N[C@H](C(=O)N1C[C@H](O)C[C@H]1C(=O)NCc1ccc(-c2scnc2C)cc1)C(C)(C)C,[*]N1CCN(CC(=O)CCCCC(=O)NC(C(=O)N2CCC(C(=O)NCC(=O)[*])CC2)C(C)(C)C)CC1,O=C(CCCCC(=O)NCC(=O)N1CCC(C(=O)NCC(=O)NCC(=O)N2CCC[C@H]2C(=O)NCc2ccc(-c3cncs3)cc2)CC1)CN1CCN(c2ccc(Nc3ncc4cc(-c5ccccc5)ccc4n3)cc2)CC1,-inf,-inf,inf,inf,inf,inf,no_3d_cif_file,7
10.8755,29.8092,-17.6876,0.0947002,CCC(=O)Nc1cc(N2CCN(CC(=O)CCOCCC(=O)N[C@H](C(=O)N3C[C@H](O)C[C@H]3C(=O)N[C@H](C(=O)N3C[C@H](O)C[C@H]3C(=O)NCc3ccc(-c4scnc4C)cc3)C(C)(C)C)C(C)(C)C)CC2)cc(C)c1Nc1ncc2cc(-c3c(Cl)c(OC)cc(OC)c3Cl)ccc2n1,1,*c1cc(C)c(Nc2ncc3cc(-c4c(Cl)c(OC)cc(OC)c4Cl)ccc3n2)c(NC(=O)CC)c1|*N[C@H](C(=O)N1C[C@H](O)C[C@H]1C(=O)NCc1ccc(-c2scnc2C)cc1)C(C)(C)C,[*]N1CCN(CC(=O)CCOCCC(=O)N[C@H](C(=O)N2C[C@H](O)C[C@H]2C(=O)[*])C(C)(C)C)CC1,O=C(CCOCCC(=O)NCC(=O)N1CCC[C@H]1C(=O)NCC(=O)N1CCC[C@H]1C(=O)NCc1ccc(-c2cncs2)cc1)CN1CCN(c2ccc(Nc3ncc4cc(-c5ccccc5)ccc4n3)cc2)CC1,0.0947002,0.0947,0,-3.52010440826416,52.51398468017578,2757.7185869897367,model1_clean.pdb,7
18.3776,41.5819,-14.1123,0.2146064,CCC(=O)Nc1cc(N2CCN(CCC(=O)CCC(=O)NCC(=O)N[C@H](C(=O)N3C[C@H](O)CC3C(=O)N[C@H](C(=O)N3C[C@H](O)C[C@H]3C(=O)NCc3ccc(-c4scnc4C)cc3)C(C)(C)C)C(C)(C)C)CC2)cc(C)c1Nc1ncc2cc(-c3c(Cl)c(OC)cc(OC)c3Cl)ccc2n1,1,*c1cc(C)c(Nc2ncc3cc(-c4c(Cl)c(OC)cc(OC)c4Cl)ccc3n2)c(NC(=O)CC)c1|*N[C@H](C(=O)N1C[C@H](O)C[C@H]1C(=O)NCc1ccc(-c2scnc2C)cc1)C(C)(C)C,[*]N1CCN(CCC(=O)CCC(=O)NCC(=O)N[C@H](C(=O)N2C[C@H](O)CC2C(=O)[*])C(C)(C)C)CC1,O=C(CCC(=O)NCC(=O)NCC(=O)N1CCCC1C(=O)NCC(=O)N1CCC[C@H]1C(=O)NCc1ccc(-c2cncs2)cc1)CCN1CCN(c2ccc(Nc3ncc4cc(-c5ccccc5)ccc4n3)cc2)CC1,0.2146064,0.2146,0,-4.0796356201171875,45.707366943359375,2089.1633928949013,model1_clean.pdb,7
7.4054,12.1719,28.7185,0.3194569,CCC(=O)Nc1cc(N2CC(N3CCN(C(=O)COCC(=O)N[C@H](C(=O)N4C[C@H](O)C[C@H]4C(=O)NCc4ccc(-c5scnc5C)cc4)C(C)(C)C)CC3)C2)cc(C)c1Nc1ncc2cc(-c3c(Cl)c(OC)cc(OC)c3Cl)ccc2n1,1,*c1cc(C)c(Nc2ncc3cc(-c4c(Cl)c(OC)cc(OC)c4Cl)ccc3n2)c(NC(=O)CC)c1|*N[C@H](C(=O)N1C[C@H](O)C[C@H]1C(=O)NCc1ccc(-c2scnc2C)cc1)C(C)(C)C,[*]N1CC(N2CCN(C(=O)COCC(=O)[*])CC2)C1,O=C(COCC(=O)N1CCN(C2CN(c3ccc(Nc4ncc5cc(-c6ccccc6)ccc5n4)cc3)C2)CC1)NCC(=O)N1CCC[C@H]1C(=O)NCc1ccc(-c2cncs2)cc1,0.3194569,0.3195,0,-4.2065253257751465,40.27940368652344,1622.430361341918,model1_clean.pdb,8
8.3645,12.6315,25.4255,0.2973201,CCC(=O)Nc1cc(N2CC3(CN(C(=O)CCCCOCC(=O)N[C@H](C(=O)N4C[C@H](O)C[C@H]4C(=O)NCc4ccc(-c5scnc5C)cc4)C(C)(C)C)C3)C2)cc(C)c1Nc1ncc2cc(-c3c(Cl)c(OC)cc(OC)c3Cl)ccc2n1,1,*c1cc(C)c(Nc2ncc3cc(-c4c(Cl)c(OC)cc(OC)c4Cl)ccc3n2)c(NC(=O)CC)c1|*N[C@H](C(=O)N1C[C@H](O)C[C@H]1C(=O)NCc1ccc(-c2scnc2C)cc1)C(C)(C)C,[*]N1CC2(C1)CN(C(=O)CCCCOCC(=O)[*])C2,O=C(COCCCCC(=O)N1CC2(C1)CN(c1ccc(Nc3ncc4cc(-c5ccccc5)ccc4n3)cc1)C2)NCC(=O)N1CCC[C@H]1C(=O)NCc1ccc(-c2cncs2)cc1,0.2973201,0.2973,0,-4.104538440704346,40.40491485595703,1632.5571445171372,model1_clean.pdb,8
27.7706,40.5929,-17.2309,0.1825164,CCC(=O)Nc1cc(N2CCC(C(=O)CCCOc3cc(Cl)cc(CC(=O)C4CCN(C(=O)CC(=O)N[C@H](C(=O)N5C[C@H](O)C[C@H]5C(=O)NCc5ccc(-c6scnc6C)cc5)C(C)(C)C)CC4)c3)CC2)cc(C)c1Nc1ncc2cc(-c3c(Cl)c(OC)cc(OC)c3Cl)ccc2n1,1,*c1cc(C)c(Nc2ncc3cc(-c4c(Cl)c(OC)cc(OC)c4Cl)ccc3n2)c(NC(=O)CC)c1|*N[C@H](C(=O)N1C[C@H](O)C[C@H]1C(=O)NCc1ccc(-c2scnc2C)cc1)C(C)(C)C,[*]N1CCC(C(=O)CCCOc2cc(Cl)cc(CC(=O)C3CCN(C(=O)CC(=O)[*])CC3)c2)CC1,O=C(CC(=O)N1CCC(C(=O)Cc2cccc(OCCCC(=O)C3CCN(c4ccc(Nc5ncc6cc(-c7ccccc7)ccc6n5)cc4)CC3)c2)CC1)NCC(=O)N1CCC[C@H]1C(=O)NCc1ccc(-c2cncs2)cc1,0.1825164,0.1825,0,-4.093317985534668,47.38349914550781,2245.1959912723396,model1_clean.pdb,8
13.7021,27.5488,10.4508,0.2968724,CCC(=O)Nc1cc(N2CCC(N3CC(OCC(=O)CCOCCN[C@H](C(=O)N4C[C@H](O)C[C@H]4C(=O)NCc4ccc(-c5scnc5C)cc4)C(C)(C)C)C3)CC2)cc(C)c1Nc1ncc2cc(-c3c(Cl)c(OC)cc(OC)c3Cl)ccc2n1,1,*c1cc(C)c(Nc2ncc3cc(-c4c(Cl)c(OC)cc(OC)c4Cl)ccc3n2)c(NC(=O)CC)c1|*N[C@H](C(=O)N1C[C@H](O)C[C@H]1C(=O)NCc1ccc(-c2scnc2C)cc1)C(C)(C)C,[*]N1CCC(N2CC(OCC(=O)CCOCC[*])C2)CC1,O=C(CCOCCNCC(=O)N1CCC[C@H]1C(=O)NCc1ccc(-c2cncs2)cc1)COC1CN(C2CCN(c3ccc(Nc4ncc5cc(-c6ccccc6)ccc5n4)cc3)CC2)C1,0.2968724,0.2969,0,-4.242557525634766,41.770748138427734,1744.795400043964,model1_clean.pdb,8
5.6290,10.9416,11.9446,0.1787985,CCC(=O)Nc1cc(N2CCC(N3CC(OCCOCC(=O)N[C@H](C(=O)N4C[C@H](O)C[C@H]4C(=O)NCc4ccc(-c5scnc5C)cc4)C(C)(C)C)C3)CC2)cc(C)c1Nc1ncc2cc(-c3c(Cl)c(OC)cc(OC)c3Cl)ccc2n1,1,*c1cc(C)c(Nc2ncc3cc(-c4c(Cl)c(OC)cc(OC)c4Cl)ccc3n2)c(NC(=O)CC)c1|*N[C@H](C(=O)N1C[C@H](O)C[C@H]1C(=O)NCc1ccc(-c2scnc2C)cc1)C(C)(C)C,[*]N1CCC(N2CC(OCCOCC(=O)[*])C2)CC1,O=C(COCCOC1CN(C2CCN(c3ccc(Nc4ncc5cc(-c6ccccc6)ccc5n4)cc3)CC2)C1)NCC(=O)N1CCC[C@H]1C(=O)NCc1ccc(-c2cncs2)cc1,0.1787985,0.1788,0,-4.508740425109863,48.985843658447266,2399.612878929838,model1_clean.pdb,8
6.3823,7.0747,20.0899,0.2122236,CCC(=O)Nc1cc(N2CCC(NC(=O)CCOCC(=O)N[C@H](C(=O)N3C[C@H](O)C[C@H]3C(=O)NCc3ccc(-c4scnc4C)cc3)C(C)(C)C)CC2)cc(C)c1Nc1ncc2cc(-c3c(Cl)c(OC)cc(OC)c3Cl)ccc2n1,1,*c1cc(C)c(Nc2ncc3cc(-c4c(Cl)c(OC)cc(OC)c4Cl)ccc3n2)c(NC(=O)CC)c1|*N[C@H](C(=O)N1C[C@H](O)C[C@H]1C(=O)NCc1ccc(-c2scnc2C)cc1)C(C)(C)C,[*]N1CCC(NC(=O)CCOCC(=O)[*])CC1,O=C(COCCC(=O)NC1CCN(c2ccc(Nc3ncc4cc(-c5ccccc5)ccc4n3)cc2)CC1)NCC(=O)N1CCC[C@H]1C(=O)NCc1ccc(-c2cncs2)cc1,0.2122236,0.2122,0,-4.406837463378906,46.698753356933594,2180.7735650917166,model1_clean.pdb,8
9.0398,14.4523,7.7501,0.1734564,CCC(=O)Nc1cc(N2CCN(C(=O)CCOCCN(C)C(=O)CCC(=O)N[C@H](C(=O)N3C[C@H](O)C[C@H]3C(=O)NCc3ccc(-c4scnc4C)cc3)C(C)(C)C)CC2)cc(C)c1Nc1ncc2cc(-c3c(Cl)c(OC)cc(OC)c3Cl)ccc2n1,1,*c1cc(C)c(Nc2ncc3cc(-c4c(Cl)c(OC)cc(OC)c4Cl)ccc3n2)c(NC(=O)CC)c1|*N[C@H](C(=O)N1C[C@H](O)C[C@H]1C(=O)NCc1ccc(-c2scnc2C)cc1)C(C)(C)C,[*]N1CCN(C(=O)CCOCCN(C)C(=O)CCC(=O)[*])CC1,O=C(CCC(=O)NCC(=O)N1CCC[C@H]1C(=O)NCc1ccc(-c2cncs2)cc1)NCCOCCC(=O)N1CCN(c2ccc(Nc3ncc4cc(-c5ccccc5)ccc4n3)cc2)CC1,0.1734564,0.1735,0,-4.735560417175293,50.053550720214844,2505.35793970112,model1_clean.pdb,8
3.9714,7.9972,11.1674,0.1497234,CCC(=O)Nc1cc(N2CCN(C(=O)CCOCCOCC(=O)N[C@H](C(=O)N3C[C@H](O)C[C@H]3C(=O)NCc3ccc(-c4scnc4C)cc3)C(C)(C)C)CC2)cc(C)c1Nc1ncc2cc(-c3c(Cl)c(OC)cc(OC)c3Cl)ccc2n1,1,*c1cc(C)c(Nc2ncc3cc(-c4c(Cl)c(OC)cc(OC)c4Cl)ccc3n2)c(NC(=O)CC)c1|*N[C@H](C(=O)N1C[C@H](O)C[C@H]1C(=O)NCc1ccc(-c2scnc2C)cc1)C(C)(C)C,[*]N1CCN(C(=O)CCOCCOCC(=O)[*])CC1,O=C(COCCOCCC(=O)N1CCN(c2ccc(Nc3ncc4cc(-c5ccccc5)ccc4n3)cc2)CC1)NCC(=O)N1CCC[C@H]1C(=O)NCc1ccc(-c2cncs2)cc1,0.1497234,0.1497,0,-4.40522575378418,51.227760314941406,2624.2834268850856,model1_clean.pdb,8
9.3078,14.1778,23.3144,0.2929078,CCC(=O)Nc1cc(N2CCN(CCNCC(=O)CCC(=O)N[C@H](C(=O)N3C[C@H](O)C[C@H]3C(=O)NCc3ccc(-c4scnc4C)cc3)C(C)(C)C)CC2)cc(C)c1Nc1ncc2cc(-c3c(Cl)c(OC)cc(OC)c3Cl)ccc2n1,1,*c1cc(C)c(Nc2ncc3cc(-c4c(Cl)c(OC)cc(OC)c4Cl)ccc3n2)c(NC(=O)CC)c1|*N[C@H](C(=O)N1C[C@H](O)C[C@H]1C(=O)NCc1ccc(-c2scnc2C)cc1)C(C)(C)C,[*]N1CCN(CCNCC(=O)CCC(=O)[*])CC1,O=C(CCC(=O)NCC(=O)N1CCC[C@H]1C(=O)NCc1ccc(-c2cncs2)cc1)CNCCN1CCN(c2ccc(Nc3ncc4cc(-c5ccccc5)ccc4n3)cc2)CC1,0.2929078,0.2929,0,-4.579901695251465,42.61974334716797,1816.4425229784683,model1_clean.pdb,8
13.3215,15.7147,7.2384,0.1793211,CCC(=O)Nc1cc(N2CC[C@@H](NC(=O)CNC(=O)CCOCC(=O)N[C@H](C(=O)N3C[C@H](O)C[C@H]3C(=O)NCc3ccc(-c4scnc4C)cc3)C(C)(C)C)C2)cc(C)c1Nc1ncc2cc(-c3c(Cl)c(OC)cc(OC)c3Cl)ccc2n1,1,*c1cc(C)c(Nc2ncc3cc(-c4c(Cl)c(OC)cc(OC)c4Cl)ccc3n2)c(NC(=O)CC)c1|*N[C@H](C(=O)N1C[C@H](O)C[C@H]1C(=O)NCc1ccc(-c2scnc2C)cc1)C(C)(C)C,[*]N1CC[C@@H](NC(=O)CNC(=O)CCOCC(=O)[*])C1,O=C(CCOCC(=O)NCC(=O)N1CCC[C@H]1C(=O)NCc1ccc(-c2cncs2)cc1)NCC(=O)N[C@@H]1CCN(c2ccc(Nc3ncc4cc(-c5ccccc5)ccc4n3)cc2)C1,0.1793211,0.1793,0,-4.684882640838623,49.27699661254883,2428.2223951531487,model1_clean.pdb,8
7.9848,9.7843,29.4782,0.3067389,CCC(=O)Nc1cc(N2CC(CN3CCN(C(=O)CCC(=O)N[C@H](C(=O)N4C[C@H](O)C[C@H]4C(=O)NCc4ccc(-c5scnc5C)cc4)C(C)(C)C)CC3)C2)cc(C)c1Nc1ncc2cc(-c3c(Cl)c(OC)cc(OC)c3Cl)ccc2n1,1,*c1cc(C)c(Nc2ncc3cc(-c4c(Cl)c(OC)cc(OC)c4Cl)ccc3n2)c(NC(=O)CC)c1|*N[C@H](C(=O)N1C[C@H](O)C[C@H]1C(=O)NCc1ccc(-c2scnc2C)cc1)C(C)(C)C,[*]N1CC(CN2CCN(C(=O)CCC(=O)[*])CC2)C1,O=C(CCC(=O)N1CCN(CC2CN(c3ccc(Nc4ncc5cc(-c6ccccc6)ccc5n4)cc3)C2)CC1)NCC(=O)N1CCC[C@H]1C(=O)NCc1ccc(-c2cncs2)cc1,0.3067389,0.3067,0,-4.743282318115234,42.23405456542969,1783.7153650356922,model1_clean.pdb,9
6.1526,9.6854,19.5413,0.2283338,CCC(=O)Nc1cc(N2CC(N3CCN(CCOCC(=O)N[C@H](C(=O)N4C[C@H](O)C[C@H]4C(=O)NCc4ccc(-c5scnc5C)cc4)C(C)(C)C)CC3)C2)cc(C)c1Nc1ncc2cc(-c3c(Cl)c(OC)cc(OC)c3Cl)ccc2n1,1,*c1cc(C)c(Nc2ncc3cc(-c4c(Cl)c(OC)cc(OC)c4Cl)ccc3n2)c(NC(=O)CC)c1|*N[C@H](C(=O)N1C[C@H](O)C[C@H]1C(=O)NCc1ccc(-c2scnc2C)cc1)C(C)(C)C,[*]N1CC(N2CCN(CCOCC(=O)[*])CC2)C1,O=C(COCCN1CCN(C2CN(c3ccc(Nc4ncc5cc(-c6ccccc6)ccc5n4)cc3)C2)CC1)NCC(=O)N1CCC[C@H]1C(=O)NCc1ccc(-c2cncs2)cc1,0.2283338,0.2283,0,-4.178089141845703,44.950927734375,2020.5859041810036,model1_clean.pdb,9
5.2145,9.9514,12.2503,0.1734502,CCC(=O)Nc1cc(N2CC3(CCN(C(=O)CCOCC(=O)N[C@H](C(=O)N4C[C@H](O)C[C@H]4C(=O)NCc4ccc(-c5scnc5C)cc4)C(C)(C)C)CC3)C2)cc(C)c1Nc1ncc2cc(-c3c(Cl)c(OC)cc(OC)c3Cl)ccc2n1,1,*c1cc(C)c(Nc2ncc3cc(-c4c(Cl)c(OC)cc(OC)c4Cl)ccc3n2)c(NC(=O)CC)c1|*N[C@H](C(=O)N1C[C@H](O)C[C@H]1C(=O)NCc1ccc(-c2scnc2C)cc1)C(C)(C)C,[*]N1CC2(CCN(C(=O)CCOCC(=O)[*])CC2)C1,O=C(COCCC(=O)N1CCC2(CC1)CN(c1ccc(Nc3ncc4cc(-c5ccccc5)ccc4n3)cc1)C2)NCC(=O)N1CCC[C@H]1C(=O)NCc1ccc(-c2cncs2)cc1,0.1734502,0.1735,0,-4.219113349914551,48.983848571777344,2399.4174209028133,model1_clean.pdb,9
15.7480,23.9114,6.1434,0.2348031,CCC(=O)Nc1cc(N2CCC(N3CC4CC(C3)N4CCOCC(=O)CCC(=O)N[C@H](C(=O)N3C[C@H](O)C[C@H]3C(=O)NCc3ccc(-c4scnc4C)cc3)C(C)(C)C)CC2)cc(C)c1Nc1ncc2cc(-c3c(Cl)c(OC)cc(OC)c3Cl)ccc2n1,1,*c1cc(C)c(Nc2ncc3cc(-c4c(Cl)c(OC)cc(OC)c4Cl)ccc3n2)c(NC(=O)CC)c1|*N[C@H](C(=O)N1C[C@H](O)C[C@H]1C(=O)NCc1ccc(-c2scnc2C)cc1)C(C)(C)C,[*]N1CCC(N2CC3CC(C2)N3CCOCC(=O)CCC(=O)[*])CC1,O=C(CCC(=O)NCC(=O)N1CCC[C@H]1C(=O)NCc1ccc(-c2cncs2)cc1)COCCN1C2CC1CN(C1CCN(c3ccc(Nc4ncc5cc(-c6ccccc6)ccc5n4)cc3)CC1)C2,0.2348031,0.2348,0,-4.22989559173584,44.677284240722656,1996.059727126325,model1_clean.pdb,9
4.8322,11.4389,18.7535,0.2358784,CCC(=O)Nc1cc(N2CCC(N3CCN(CC(=O)CCC(=O)N[C@H](C(=O)N4C[C@H](O)C[C@H]4C(=O)NCc4ccc(-c5scnc5C)cc4)C(C)(C)C)CC3)CC2)cc(C)c1Nc1ncc2cc(-c3c(Cl)c(OC)cc(OC)c3Cl)ccc2n1,1,*c1cc(C)c(Nc2ncc3cc(-c4c(Cl)c(OC)cc(OC)c4Cl)ccc3n2)c(NC(=O)CC)c1|*N[C@H](C(=O)N1C[C@H](O)C[C@H]1C(=O)NCc1ccc(-c2scnc2C)cc1)C(C)(C)C,[*]N1CCC(N2CCN(CC(=O)CCC(=O)[*])CC2)CC1,O=C(CCC(=O)NCC(=O)N1CCC[C@H]1C(=O)NCc1ccc(-c2cncs2)cc1)CN1CCN(C2CCN(c3ccc(Nc4ncc5cc(-c6ccccc6)ccc5n4)cc3)CC2)CC1,0.2358784,0.2359,0,-4.30361270904541,44.906578063964844,2016.6007534149685,model1_clean.pdb,9
5.7029,9.1915,12.4327,0.1689392,CCC(=O)Nc1cc(N2CCC(NC(=O)COCCOCC(=O)N[C@H](C(=O)N3C[C@H](O)C[C@H]3C(=O)NCc3ccc(-c4scnc4C)cc3)C(C)(C)C)CC2)cc(C)c1Nc1ncc2cc(-c3c(Cl)c(OC)cc(OC)c3Cl)ccc2n1,1,*c1cc(C)c(Nc2ncc3cc(-c4c(Cl)c(OC)cc(OC)c4Cl)ccc3n2)c(NC(=O)CC)c1|*N[C@H](C(=O)N1C[C@H](O)C[C@H]1C(=O)NCc1ccc(-c2scnc2C)cc1)C(C)(C)C,[*]N1CCC(NC(=O)COCCOCC(=O)[*])CC1,O=C(COCCOCC(=O)NC1CCN(c2ccc(Nc3ncc4cc(-c5ccccc5)ccc4n3)cc2)CC1)NCC(=O)N1CCC[C@H]1C(=O)NCc1ccc(-c2cncs2)cc1,0.1689392,0.1689,0,-4.135272026062012,49.33097839355469,2433.5454292653594,model1_clean.pdb,9
9.7164,15.9705,10.8970,0.2099023,CCC(=O)Nc1cc(N2CCN(C(=O)CCCN3CCN(C(=O)CCOCC(=O)N[C@H](C(=O)N4C[C@H](O)C[C@H]4C(=O)NCc4ccc(-c5scnc5C)cc4)C(C)(C)C)CC3)CC2)cc(C)c1Nc1ncc2cc(-c3c(Cl)c(OC)cc(OC)c3Cl)ccc2n1,1,*c1cc(C)c(Nc2ncc3cc(-c4c(Cl)c(OC)cc(OC)c4Cl)ccc3n2)c(NC(=O)CC)c1|*N[C@H](C(=O)N1C[C@H](O)C[C@H]1C(=O)NCc1ccc(-c2scnc2C)cc1)C(C)(C)C,[*]N1CCN(C(=O)CCCN2CCN(C(=O)CCOCC(=O)[*])CC2)CC1,O=C(COCCC(=O)N1CCN(CCCC(=O)N2CCN(c3ccc(Nc4ncc5cc(-c6ccccc6)ccc5n4)cc3)CC2)CC1)NCC(=O)N1CCC[C@H]1C(=O)NCc1ccc(-c2cncs2)cc1,0.2099023,0.2099,0,-4.0554327964782715,45.9372673034668,2110.2325273101596,model1_clean.pdb,9
3.7239,7.9972,11.1674,0.1497234,CCC(=O)Nc1cc(N2CCN(C(=O)CCOCCOCC(=O)N[C@H](C(=O)N3C[C@H](O)C[C@H]3C(=O)NCc3ccc(-c4scnc4C)cc3)C(C)(C)C)CC2)cc(C)c1Nc1ncc2cc(-c3c(Cl)c(OC)cc(OC)c3Cl)ccc2n1,1,*c1cc(C)c(Nc2ncc3cc(-c4c(Cl)c(OC)cc(OC)c4Cl)ccc3n2)c(NC(=O)CC)c1|*N[C@H](C(=O)N1C[C@H](O)C[C@H]1C(=O)NCc1ccc(-c2scnc2C)cc1)C(C)(C)C,[*]N1CCN(C(=O)CCOCCOCC(=O)[*])CC1,O=C(COCCOCCC(=O)N1CCN(c2ccc(Nc3ncc4cc(-c5ccccc5)ccc4n3)cc2)CC1)NCC(=O)N1CCC[C@H]1C(=O)NCc1ccc(-c2cncs2)cc1,0.1497234,0.1497,0,-4.40522575378418,51.227760314941406,2624.2834268850856,model1_clean.pdb,9
6.7756,7.6674,-7.6674,0.0000000,CCC(=O)Nc1cc(N2CCN(CC(=O)CCCCC(=O)N[C@H](C(=O)N3C[C@H](O)C[C@H]3C(=O)NCc3ccc(-c4scnc4C)cc3)C(C)(C)C)CC2)cc(C)c1Nc1ncc2cc(-c3c(Cl)c(OC)cc(OC)c3Cl)ccc2n1,1,*c1cc(C)c(Nc2ncc3cc(-c4c(Cl)c(OC)cc(OC)c4Cl)ccc3n2)c(NC(=O)CC)c1|*N[C@H](C(=O)N1C[C@H](O)C[C@H]1C(=O)NCc1ccc(-c2scnc2C)cc1)C(C)(C)C,[*]N1CCN(CC(=O)CCCCC(=O)[*])CC1,O=C(CCCCC(=O)NCC(=O)N1CCC[C@H]1C(=O)NCc1ccc(-c2cncs2)cc1)CN1CCN(c2ccc(Nc3ncc4cc(-c5ccccc5)ccc4n3)cc2)CC1,0.5338336,0.5338,0,-4.371681213378906,30.028223037719727,901.6941788030417,model1_clean.pdb,9
18.4631,18.9657,23.9430,0.3352245,CCC(=O)Nc1cc(N2CCN(CC3CCN(C(=O)NCCN[C@H](C(=O)N4C[C@H](O)C[C@H]4C(=O)NCc4ccc(-c5scnc5C)cc4)C(C)(C)C)CC3)CC2)cc(C)c1Nc1ncc2cc(-c3c(Cl)c(OC)cc(OC)c3Cl)ccc2n1,1,*c1cc(C)c(Nc2ncc3cc(-c4c(Cl)c(OC)cc(OC)c4Cl)ccc3n2)c(NC(=O)CC)c1|*N[C@H](C(=O)N1C[C@H](O)C[C@H]1C(=O)NCc1ccc(-c2scnc2C)cc1)C(C)(C)C,[*]N1CCN(CC2CCN(C(=O)NCC[*])CC2)CC1,O=C(NCc1ccc(-c2cncs2)cc1)[C@@H]1CCCN1C(=O)CNCCNC(=O)N1CCC(CN2CCN(c3ccc(Nc4ncc5cc(-c6ccccc6)ccc5n4)cc3)CC2)CC1,0.3352245,0.3352,0,-4.1403961181640625,38.80687713623047,1505.973713066487,model1_clean.pdb,9
6.7992,9.0891,38.5536,0.3722084,CCC(=O)Nc1cc(N2CC3(CN(C(=O)CCCCC(=O)N[C@H](C(=O)N4C[C@H](O)C[C@H]4C(=O)NCc4ccc(-c5scnc5C)cc4)C(C)(C)C)C3)C2)cc(C)c1Nc1ncc2cc(-c3c(Cl)c(OC)cc(OC)c3Cl)ccc2n1,1,*c1cc(C)c(Nc2ncc3cc(-c4c(Cl)c(OC)cc(OC)c4Cl)ccc3n2)c(NC(=O)CC)c1|*N[C@H](C(=O)N1C[C@H](O)C[C@H]1C(=O)NCc1ccc(-c2scnc2C)cc1)C(C)(C)C,[*]N1CC2(C1)CN(C(=O)CCCCC(=O)[*])C2,O=C(CCCCC(=O)N1CC2(C1)CN(c1ccc(Nc3ncc4cc(-c5ccccc5)ccc4n3)cc1)C2)NCC(=O)N1CCC[C@H]1C(=O)NCc1ccc(-c2cncs2)cc1,0.3722084,0.3722,0,-4.517040252685547,38.77018737792969,1503.1274293197785,model1_clean.pdb,10
10.0678,15.5055,20.9361,0.2846998,CCC(=O)Nc1cc(N2CC3(CC(N(C)CCOCC(=O)N[C@H](C(=O)N4C[C@H](O)C[C@H]4C(=O)NCc4ccc(-c5scnc5C)cc4)C(C)(C)C)C3)C2)cc(C)c1Nc1ncc2cc(-c3c(Cl)c(OC)cc(OC)c3Cl)ccc2n1,1,*c1cc(C)c(Nc2ncc3cc(-c4c(Cl)c(OC)cc(OC)c4Cl)ccc3n2)c(NC(=O)CC)c1|*N[C@H](C(=O)N1C[C@H](O)C[C@H]1C(=O)NCc1ccc(-c2scnc2C)cc1)C(C)(C)C,[*]N1CC2(CC(N(C)CCOCC(=O)[*])C2)C1,O=C(COCCNC1CC2(C1)CN(c1ccc(Nc3ncc4cc(-c5ccccc5)ccc4n3)cc1)C2)NCC(=O)N1CCC[C@H]1C(=O)NCc1ccc(-c2cncs2)cc1,0.2846998,0.2847,0,-4.473751544952393,42.84571075439453,1835.7549300492392,model1_clean.pdb,10
3.7512,9.2641,15.5041,0.1935016,CCC(=O)Nc1cc(N2CCC(N3CCN(C(=O)CCOCC(=O)N[C@H](C(=O)N4C[C@H](O)C[C@H]4C(=O)NCc4ccc(-c5scnc5C)cc4)C(C)(C)C)CC3)CC2)cc(C)c1Nc1ncc2cc(-c3c(Cl)c(OC)cc(OC)c3Cl)ccc2n1,1,*c1cc(C)c(Nc2ncc3cc(-c4c(Cl)c(OC)cc(OC)c4Cl)ccc3n2)c(NC(=O)CC)c1|*N[C@H](C(=O)N1C[C@H](O)C[C@H]1C(=O)NCc1ccc(-c2scnc2C)cc1)C(C)(C)C,[*]N1CCC(N2CCN(C(=O)CCOCC(=O)[*])CC2)CC1,O=C(COCCC(=O)N1CCN(C2CCN(c3ccc(Nc4ncc5cc(-c6ccccc6)ccc5n4)cc3)CC2)CC1)NCC(=O)N1CCC[C@H]1C(=O)NCc1ccc(-c2cncs2)cc1,0.1935016,0.1935,0,-4.211089134216309,47.17822265625,2225.784693002701,model1_clean.pdb,10
4.4726,9.9150,27.6427,0.2934194,CCC(=O)Nc1cc(N2CCC(N3CCN(C(=O)COCC(=O)N[C@H](C(=O)N4C[C@H](O)C[C@H]4C(=O)NCc4ccc(-c5scnc5C)cc4)C(C)(C)C)CC3)CC2)cc(C)c1Nc1ncc2cc(-c3c(Cl)c(OC)cc(OC)c3Cl)ccc2n1,1,*c1cc(C)c(Nc2ncc3cc(-c4c(Cl)c(OC)cc(OC)c4Cl)ccc3n2)c(NC(=O)CC)c1|*N[C@H](C(=O)N1C[C@H](O)C[C@H]1C(=O)NCc1ccc(-c2scnc2C)cc1)C(C)(C)C,[*]N1CCC(N2CCN(C(=O)COCC(=O)[*])CC2)CC1,O=C(COCC(=O)N1CCN(C2CCN(c3ccc(Nc4ncc5cc(-c6ccccc6)ccc5n4)cc3)CC2)CC1)NCC(=O)N1CCC[C@H]1C(=O)NCc1ccc(-c2cncs2)cc1,0.2934194,0.2934,0,-3.9414567947387695,39.6116828918457,1569.0854215241416,model1_clean.pdb,10
9.3230,13.2571,32.9700,0.3611490,CCC(=O)Nc1cc(N2CCC3(CCN(C(=O)COCC(=O)N[C@H](C(=O)N4C[C@H](O)C[C@H]4C(=O)NCc4ccc(-c5scnc5C)cc4)C(C)(C)C)CC3)CC2)cc(C)c1Nc1ncc2cc(-c3c(Cl)c(OC)cc(OC)c3Cl)ccc2n1,1,*c1cc(C)c(Nc2ncc3cc(-c4c(Cl)c(OC)cc(OC)c4Cl)ccc3n2)c(NC(=O)CC)c1|*N[C@H](C(=O)N1C[C@H](O)C[C@H]1C(=O)NCc1ccc(-c2scnc2C)cc1)C(C)(C)C,[*]N1CCC2(CCN(C(=O)COCC(=O)[*])CC2)CC1,O=C(COCC(=O)N1CCC2(CC1)CCN(c1ccc(Nc3ncc4cc(-c5ccccc5)ccc4n3)cc1)CC2)NCC(=O)N1CCC[C@H]1C(=O)NCc1ccc(-c2cncs2)cc1,0.3611490,0.3611,0,-4.530951023101807,39.528297424316406,1562.486297265219,model1_clean.pdb,10
8.6392,17.5083,11.2972,0.2250426,CCC(=O)Nc1cc(N2CCN(C(=O)C(=O)COCCOCC(=O)N[C@H](C(=O)N3C[C@H](O)C[C@H]3C(=O)NCc3ccc(-c4scnc4C)cc3)C(C)(C)C)CC2)cc(C)c1Nc1ncc2cc(-c3c(Cl)c(OC)cc(OC)c3Cl)ccc2n1,1,*c1cc(C)c(Nc2ncc3cc(-c4c(Cl)c(OC)cc(OC)c4Cl)ccc3n2)c(NC(=O)CC)c1|*N[C@H](C(=O)N1C[C@H](O)C[C@H]1C(=O)NCc1ccc(-c2scnc2C)cc1)C(C)(C)C,[*]N1CCN(C(=O)C(=O)COCCOCC(=O)[*])CC1,O=C(COCCOCC(=O)C(=O)N1CCN(c2ccc(Nc3ncc4cc(-c5ccccc5)ccc4n3)cc2)CC1)NCC(=O)N1CCC[C@H]1C(=O)NCc1ccc(-c2cncs2)cc1,0.2250426,0.2250,0,-4.356785774230957,46.1518440246582,2129.992706876379,model1_clean.pdb,10
9.0930,13.6987,28.4795,0.3295177,CCC(=O)Nc1cc(N2CCN(C(=O)CCCN3CCN(C(=O)CC(=O)N[C@H](C(=O)N4C[C@H](O)C[C@H]4C(=O)NCc4ccc(-c5scnc5C)cc4)C(C)(C)C)CC3)CC2)cc(C)c1Nc1ncc2cc(-c3c(Cl)c(OC)cc(OC)c3Cl)ccc2n1,1,*c1cc(C)c(Nc2ncc3cc(-c4c(Cl)c(OC)cc(OC)c4Cl)ccc3n2)c(NC(=O)CC)c1|*N[C@H](C(=O)N1C[C@H](O)C[C@H]1C(=O)NCc1ccc(-c2scnc2C)cc1)C(C)(C)C,[*]N1CCN(C(=O)CCCN2CCN(C(=O)CC(=O)[*])CC2)CC1,O=C(CC(=O)N1CCN(CCCC(=O)N2CCN(c3ccc(Nc4ncc5cc(-c6ccccc6)ccc5n4)cc3)CC2)CC1)NCC(=O)N1CCC[C@H]1C(=O)NCc1ccc(-c2cncs2)cc1,0.3295177,0.3295,0,-4.700286865234375,40.971656799316406,1678.6766608809703,model1_clean.pdb,10
8.3226,11.7742,13.1114,0.1944191,CCC(=O)Nc1cc(N2CCN(C(=O)CCNC(=O)CCOCC(=O)N[C@H](C(=O)N3C[C@H](O)C[C@H]3C(=O)NCc3ccc(-c4scnc4C)cc3)C(C)(C)C)CC2)cc(C)c1Nc1ncc2cc(-c3c(Cl)c(OC)cc(OC)c3Cl)ccc2n1,1,*c1cc(C)c(Nc2ncc3cc(-c4c(Cl)c(OC)cc(OC)c4Cl)ccc3n2)c(NC(=O)CC)c1|*N[C@H](C(=O)N1C[C@H](O)C[C@H]1C(=O)NCc1ccc(-c2scnc2C)cc1)C(C)(C)C,[*]N1CCN(C(=O)CCNC(=O)CCOCC(=O)[*])CC1,O=C(CCOCC(=O)NCC(=O)N1CCC[C@H]1C(=O)NCc1ccc(-c2cncs2)cc1)NCCC(=O)N1CCN(c2ccc(Nc3ncc4cc(-c5ccccc5)ccc4n3)cc2)CC1,0.1944191,0.1944,0,-4.469853401184082,47.541683197021484,2260.211641205955,model1_clean.pdb,10
10.1555,12.6980,50.3939,0.4929053,CCC(=O)Nc1cc(N2CCN(C3CN(C(=O)CC(=O)N[C@H](C(=O)N4C[C@H](O)C[C@H]4C(=O)NCc4ccc(-c5scnc5C)cc4)C(C)(C)C)C3)CC2)cc(C)c1Nc1ncc2cc(-c3c(Cl)c(OC)cc(OC)c3Cl)ccc2n1,1,*c1cc(C)c(Nc2ncc3cc(-c4c(Cl)c(OC)cc(OC)c4Cl)ccc3n2)c(NC(=O)CC)c1|*N[C@H](C(=O)N1C[C@H](O)C[C@H]1C(=O)NCc1ccc(-c2scnc2C)cc1)C(C)(C)C,[*]N1CCN(C2CN(C(=O)CC(=O)[*])C2)CC1,O=C(CC(=O)N1CC(N2CCN(c3ccc(Nc4ncc5cc(-c6ccccc6)ccc5n4)cc3)CC2)C1)NCC(=O)N1CCC[C@H]1C(=O)NCc1ccc(-c2cncs2)cc1,0.4929053,0.4929,1,-4.405183792114258,27.322723388671875,746.5312133738771,model1_clean.pdb,10
5.6516,9.3797,18.1998,0.2154646,CCC(=O)Nc1cc(N2CCN(CC(=O)COCC(=O)N[C@H](C(=O)N3C[C@H](O)C[C@H]3C(=O)NCc3ccc(-c4scnc4C)cc3)C(C)(C)C)CC2)cc(C)c1Nc1ncc2cc(-c3c(Cl)c(OC)cc(OC)c3Cl)ccc2n1,1,*c1cc(C)c(Nc2ncc3cc(-c4c(Cl)c(OC)cc(OC)c4Cl)ccc3n2)c(NC(=O)CC)c1|*N[C@H](C(=O)N1C[C@H](O)C[C@H]1C(=O)NCc1ccc(-c2scnc2C)cc1)C(C)(C)C,[*]N1CCN(CC(=O)COCC(=O)[*])CC1,O=C(COCC(=O)NCC(=O)N1CCC[C@H]1C(=O)NCc1ccc(-c2cncs2)cc1)CN1CCN(c2ccc(Nc3ncc4cc(-c5ccccc5)ccc4n3)cc2)CC1,0.2154646,0.2155,0,-4.070162773132324,45.27623748779297,2049.9376810510294,model1_clean.pdb,10
9.7973,12.2704,25.4130,0.2944014,CCC(=O)Nc1cc(N2CC(N(C)CCOCCC(=O)N[C@H](C(=O)N3C[C@H](O)C[C@H]3C(=O)NCc3ccc(-c4scnc4C)cc3)C(C)(C)C)C2)cc(C)c1Nc1ncc2cc(-c3c(Cl)c(OC)cc(OC)c3Cl)ccc2n1,1,*c1cc(C)c(Nc2ncc3cc(-c4c(Cl)c(OC)cc(OC)c4Cl)ccc3n2)c(NC(=O)CC)c1|*N[C@H](C(=O)N1C[C@H](O)C[C@H]1C(=O)NCc1ccc(-c2scnc2C)cc1)C(C)(C)C,[*]N1CC(N(C)CCOCCC(=O)[*])C1,O=C(CCOCCNC1CN(c2ccc(Nc3ncc4cc(-c5ccccc5)ccc4n3)cc2)C1)NCC(=O)N1CCC[C@H]1C(=O)NCc1ccc(-c2cncs2)cc1,0.2944014,0.2944,0,-4.1332550048828125,41.17327117919922,1695.238259595877,model1_clean.pdb,11
10.6660,13.9872,24.3406,0.2994356,CCC(=O)Nc1cc(N2CC3(CCN(S(=O)(=O)CCC(=O)N[C@H](C(=O)N4C[C@H](O)C[C@H]4C(=O)NCc4ccc(-c5scnc5C)cc4)C(C)(C)C)CC3)C2)cc(C)c1Nc1ncc2cc(-c3c(Cl)c(OC)cc(OC)c3Cl)ccc2n1,1,*c1cc(C)c(Nc2ncc3cc(-c4c(Cl)c(OC)cc(OC)c4Cl)ccc3n2)c(NC(=O)CC)c1|*N[C@H](C(=O)N1C[C@H](O)C[C@H]1C(=O)NCc1ccc(-c2scnc2C)cc1)C(C)(C)C,[*]N1CC2(CCN(S(=O)(=O)CCC(=O)[*])CC2)C1,O=C(CCS(=O)(=O)N1CCC2(CC1)CN(c1ccc(Nc3ncc4cc(-c5ccccc5)ccc4n3)cc1)C2)NCC(=O)N1CCC[C@H]1C(=O)NCc1ccc(-c2cncs2)cc1,0.2994356,0.2994,0,-4.5133514404296875,42.350563049316406,1793.5701905941241,model1_clean.pdb,11
13.4323,28.4321,18.5914,0.3673712,CCC(=O)Nc1cc(N2CCC(N3CCC(COC(=O)COCCN[C@H](C(=O)N4C[C@H](O)C[C@H]4C(=O)NCc4ccc(-c5scnc5C)cc4)C(C)(C)C)CC3)CC2)cc(C)c1Nc1ncc2cc(-c3c(Cl)c(OC)cc(OC)c3Cl)ccc2n1,1,*c1cc(C)c(Nc2ncc3cc(-c4c(Cl)c(OC)cc(OC)c4Cl)ccc3n2)c(NC(=O)CC)c1|*N[C@H](C(=O)N1C[C@H](O)C[C@H]1C(=O)NCc1ccc(-c2scnc2C)cc1)C(C)(C)C,[*]N1CCC(N2CCC(COC(=O)COCC[*])CC2)CC1,O=C(COCCNCC(=O)N1CCC[C@H]1C(=O)NCc1ccc(-c2cncs2)cc1)OCC1CCN(C2CCN(c3ccc(Nc4ncc5cc(-c6ccccc6)ccc5n4)cc3)CC2)CC1,0.3673712,0.3674,2,-4.228050231933594,35.28188705444336,1244.811554122498,model1_clean.pdb,11
6.7513,13.6496,13.8575,0.2148990,CCC(=O)Nc1cc(N2CCC(N3CCN(C(=O)COCCOCC(=O)N[C@H](C(=O)N4C[C@H](O)C[C@H]4C(=O)NCc4ccc(-c5scnc5C)cc4)C(C)(C)C)CC3)CC2)cc(C)c1Nc1ncc2cc(-c3c(Cl)c(OC)cc(OC)c3Cl)ccc2n1,1,*c1cc(C)c(Nc2ncc3cc(-c4c(Cl)c(OC)cc(OC)c4Cl)ccc3n2)c(NC(=O)CC)c1|*N[C@H](C(=O)N1C[C@H](O)C[C@H]1C(=O)NCc1ccc(-c2scnc2C)cc1)C(C)(C)C,[*]N1CCC(N2CCN(C(=O)COCCOCC(=O)[*])CC2)CC1,O=C(COCCOCC(=O)N1CCN(C2CCN(c3ccc(Nc4ncc5cc(-c6ccccc6)ccc5n4)cc3)CC2)CC1)NCC(=O)N1CCC[C@H]1C(=O)NCc1ccc(-c2cncs2)cc1,0.2148990,0.2149,0,-4.2246623039245605,46.40568923950195,2153.4879937932274,model1_clean.pdb,11
4.9807,7.3783,12.7601,0.1573317,CCC(=O)Nc1cc(N2CCC(N3CCN(CCOCC(=O)N[C@H](C(=O)N4C[C@H](O)C[C@H]4C(=O)NCc4ccc(-c5scnc5C)cc4)C(C)(C)C)CC3)CC2)cc(C)c1Nc1ncc2cc(-c3c(Cl)c(OC)cc(OC)c3Cl)ccc2n1,1,*c1cc(C)c(Nc2ncc3cc(-c4c(Cl)c(OC)cc(OC)c4Cl)ccc3n2)c(NC(=O)CC)c1|*N[C@H](C(=O)N1C[C@H](O)C[C@H]1C(=O)NCc1ccc(-c2scnc2C)cc1)C(C)(C)C,[*]N1CCC(N2CCN(CCOCC(=O)[*])CC2)CC1,O=C(COCCN1CCN(C2CCN(c3ccc(Nc4ncc5cc(-c6ccccc6)ccc5n4)cc3)CC2)CC1)NCC(=O)N1CCC[C@H]1C(=O)NCc1ccc(-c2cncs2)cc1,0.1573317,0.1573,0,-3.881075859069824,49.13935089111328,2414.6758059999556,model1_clean.pdb,11
4.4895,5.8947,33.5489,0.3081536,CCC(=O)Nc1cc(N2CCN(C(=O)COCC(=O)N[C@H](C(=O)N3C[C@H](O)C[C@H]3C(=O)NCc3ccc(-c4scnc4C)cc3)C(C)(C)C)CC2)cc(C)c1Nc1ncc2cc(-c3c(Cl)c(OC)cc(OC)c3Cl)ccc2n1,1,*c1cc(C)c(Nc2ncc3cc(-c4c(Cl)c(OC)cc(OC)c4Cl)ccc3n2)c(NC(=O)CC)c1|*N[C@H](C(=O)N1C[C@H](O)C[C@H]1C(=O)NCc1ccc(-c2scnc2C)cc1)C(C)(C)C,[*]N1CCN(C(=O)COCC(=O)[*])CC1,O=C(COCC(=O)N1CCN(c2ccc(Nc3ncc4cc(-c5ccccc5)ccc4n3)cc2)CC1)NCC(=O)N1CCC[C@H]1C(=O)NCc1ccc(-c2cncs2)cc1,0.3081536,0.3082,0,-4.2558441162109375,41.04637145996094,1684.8046100290958,model1_clean.pdb,11
5.3175,6.6762,38.4753,0.3527460,CCC(=O)Nc1cc(N2CCN(CC(=O)CCC(=O)N[C@H](C(=O)N3C[C@H](O)C[C@H]3C(=O)NCc3ccc(-c4scnc4C)cc3)C(C)(C)C)CC2)cc(C)c1Nc1ncc2cc(-c3c(Cl)c(OC)cc(OC)c3Cl)ccc2n1,1,*c1cc(C)c(Nc2ncc3cc(-c4c(Cl)c(OC)cc(OC)c4Cl)ccc3n2)c(NC(=O)CC)c1|*N[C@H](C(=O)N1C[C@H](O)C[C@H]1C(=O)NCc1ccc(-c2scnc2C)cc1)C(C)(C)C,[*]N1CCN(CC(=O)CCC(=O)[*])CC1,O=C(CCC(=O)NCC(=O)N1CCC[C@H]1C(=O)NCc1ccc(-c2cncs2)cc1)CN1CCN(c2ccc(Nc3ncc4cc(-c5ccccc5)ccc4n3)cc2)CC1,0.3527460,0.3527,0,-3.9207496643066406,34.414764404296875,1184.3760090032592,model1_clean.pdb,11
6.5002,14.3605,31.1625,0.3556484,CCC(=O)Nc1cc(N2CCN(CC(=O)CCOCCN[C@H](C(=O)N3C[C@H](O)C[C@H]3C(=O)NCc3ccc(-c4scnc4C)cc3)C(C)(C)C)CC2)cc(C)c1Nc1ncc2cc(-c3c(Cl)c(OC)cc(OC)c3Cl)ccc2n1,1,*c1cc(C)c(Nc2ncc3cc(-c4c(Cl)c(OC)cc(OC)c4Cl)ccc3n2)c(NC(=O)CC)c1|*N[C@H](C(=O)N1C[C@H](O)C[C@H]1C(=O)NCc1ccc(-c2scnc2C)cc1)C(C)(C)C,[*]N1CCN(CC(=O)CCOCC[*])CC1,O=C(CCOCCNCC(=O)N1CCC[C@H]1C(=O)NCc1ccc(-c2cncs2)cc1)CN1CCN(c2ccc(Nc3ncc4cc(-c5ccccc5)ccc4n3)cc2)CC1,0.3556484,0.3556,0,-4.128202438354492,37.42378616333008,1400.5397707986558,model1_clean.pdb,11
4.7416,3.3338,19.0883,0.1751733,CCC(=O)Nc1cc(N2CCN(CCOCC(=O)N[C@H](C(=O)N3C[C@H](O)C[C@H]3C(=O)NCc3ccc(-c4scnc4C)cc3)C(C)(C)C)CC2)cc(C)c1Nc1ncc2cc(-c3c(Cl)c(OC)cc(OC)c3Cl)ccc2n1,1,*c1cc(C)c(Nc2ncc3cc(-c4c(Cl)c(OC)cc(OC)c4Cl)ccc3n2)c(NC(=O)CC)c1|*N[C@H](C(=O)N1C[C@H](O)C[C@H]1C(=O)NCc1ccc(-c2scnc2C)cc1)C(C)(C)C,[*]N1CCN(CCOCC(=O)[*])CC1,O=C(COCCN1CCN(c2ccc(Nc3ncc4cc(-c5ccccc5)ccc4n3)cc2)CC1)NCC(=O)N1CCC[C@H]1C(=O)NCc1ccc(-c2cncs2)cc1,0.1751733,0.1752,0,-4.328611850738525,49.237483978271484,2424.329828510541,model1_clean.pdb,11
14.5765,20.0872,19.3762,0.3083079,CCC(=O)Nc1cc(N2CCN(S(=O)(=O)CCCCOCCN[C@H](C(=O)N3C[C@H](O)C[C@H]3C(=O)NCc3ccc(-c4scnc4C)cc3)C(C)(C)C)CC2)cc(C)c1Nc1ncc2cc(-c3c(Cl)c(OC)cc(OC)c3Cl)ccc2n1,1,*c1cc(C)c(Nc2ncc3cc(-c4c(Cl)c(OC)cc(OC)c4Cl)ccc3n2)c(NC(=O)CC)c1|*N[C@H](C(=O)N1C[C@H](O)C[C@H]1C(=O)NCc1ccc(-c2scnc2C)cc1)C(C)(C)C,[*]N1CCN(S(=O)(=O)CCCCOCC[*])CC1,O=C(NCc1ccc(-c2cncs2)cc1)[C@@H]1CCCN1C(=O)CNCCOCCCCS(=O)(=O)N1CCN(c2ccc(Nc3ncc4cc(-c5ccccc5)ccc4n3)cc2)CC1,0.3083079,0.3083,0,-4.196133136749268,40.70473098754883,1656.8751247687178,model1_clean.pdb,11
5.8723,11.0545,51.7724,0.4908352,CCC(=O)Nc1cc(N2CC3(CN(C(=O)COCC(=O)N[C@H](C(=O)N4C[C@H](O)C[C@H]4C(=O)NCc4ccc(-c5scnc5C)cc4)C(C)(C)C)C3)C2)cc(C)c1Nc1ncc2cc(-c3c(Cl)c(OC)cc(OC)c3Cl)ccc2n1,1,*c1cc(C)c(Nc2ncc3cc(-c4c(Cl)c(OC)cc(OC)c4Cl)ccc3n2)c(NC(=O)CC)c1|*N[C@H](C(=O)N1C[C@H](O)C[C@H]1C(=O)NCc1ccc(-c2scnc2C)cc1)C(C)(C)C,[*]N1CC2(C1)CN(C(=O)COCC(=O)[*])C2,O=C(COCC(=O)N1CC2(C1)CN(c1ccc(Nc3ncc4cc(-c5ccccc5)ccc4n3)cc1)C2)NCC(=O)N1CCC[C@H]1C(=O)NCc1ccc(-c2cncs2)cc1,0.4908352,0.4908,0,-4.517400741577148,32.124977111816406,1032.014154434728,model1_clean.pdb,12
7.7873,14.0472,14.9849,0.2268128,CCC(=O)Nc1cc(N2CC3(CC(N4CCN(C(=O)CCCC(=O)N[C@H](C(=O)N5C[C@H](O)C[C@H]5C(=O)NCc5ccc(-c6scnc6C)cc5)C(C)(C)C)CC4)C3)C2)cc(C)c1Nc1ncc2cc(-c3c(Cl)c(OC)cc(OC)c3Cl)ccc2n1,1,*c1cc(C)c(Nc2ncc3cc(-c4c(Cl)c(OC)cc(OC)c4Cl)ccc3n2)c(NC(=O)CC)c1|*N[C@H](C(=O)N1C[C@H](O)C[C@H]1C(=O)NCc1ccc(-c2scnc2C)cc1)C(C)(C)C,[*]N1CC2(CC(N3CCN(C(=O)CCCC(=O)[*])CC3)C2)C1,O=C(CCCC(=O)N1CCN(C2CC3(C2)CN(c2ccc(Nc4ncc5cc(-c6ccccc6)ccc5n4)cc2)C3)CC1)NCC(=O)N1CCC[C@H]1C(=O)NCc1ccc(-c2cncs2)cc1,0.2268128,0.2268,0,-4.1690263748168945,45.076717376708984,2031.9104494596977,model1_clean.pdb,12
5.3458,14.4049,32.8384,0.3690886,CCC(=O)Nc1cc(N2CC3(CCN(C(=O)CCOCCN[C@H](C(=O)N4C[C@H](O)C[C@H]4C(=O)NCc4ccc(-c5scnc5C)cc4)C(C)(C)C)CC3)C2)cc(C)c1Nc1ncc2cc(-c3c(Cl)c(OC)cc(OC)c3Cl)ccc2n1,1,*c1cc(C)c(Nc2ncc3cc(-c4c(Cl)c(OC)cc(OC)c4Cl)ccc3n2)c(NC(=O)CC)c1|*N[C@H](C(=O)N1C[C@H](O)C[C@H]1C(=O)NCc1ccc(-c2scnc2C)cc1)C(C)(C)C,[*]N1CC2(CCN(C(=O)CCOCC[*])CC2)C1,O=C(NCc1ccc(-c2cncs2)cc1)[C@@H]1CCCN1C(=O)CNCCOCCC(=O)N1CCC2(CC1)CN(c1ccc(Nc3ncc4cc(-c5ccccc5)ccc4n3)cc1)C2,0.3690886,0.3691,0,-4.498852252960205,38.83159255981445,1507.8925807314372,model1_clean.pdb,12
9.7600,16.9012,14.8510,0.2480642,CCC(=O)Nc1cc(N2CC3CC(OCCOCCN[C@H](C(=O)N4C[C@H](O)C[C@H]4C(=O)NCc4ccc(-c5scnc5C)cc4)C(C)(C)C)CC3C2)cc(C)c1Nc1ncc2cc(-c3c(Cl)c(OC)cc(OC)c3Cl)ccc2n1,1,*c1cc(C)c(Nc2ncc3cc(-c4c(Cl)c(OC)cc(OC)c4Cl)ccc3n2)c(NC(=O)CC)c1|*N[C@H](C(=O)N1C[C@H](O)C[C@H]1C(=O)NCc1ccc(-c2scnc2C)cc1)C(C)(C)C,[*]N1CC2CC(OCCOCC[*])CC2C1,O=C(NCc1ccc(-c2cncs2)cc1)[C@@H]1CCCN1C(=O)CNCCOCCOC1CC2CN(c3ccc(Nc4ncc5cc(-c6ccccc6)ccc5n4)cc3)CC2C1,0.2480642,0.2481,0,-3.872899055480957,42.09266662597656,1771.7925836856011,model1_clean.pdb,12
3.8589,7.5611,58.7040,0.5176962,CCC(=O)Nc1cc(N2CCC(N3CCN(C(=O)CCC(=O)N[C@H](C(=O)N4C[C@H](O)C[C@H]4C(=O)NCc4ccc(-c5scnc5C)cc4)C(C)(C)C)CC3)CC2)cc(C)c1Nc1ncc2cc(-c3c(Cl)c(OC)cc(OC)c3Cl)ccc2n1,1,*c1cc(C)c(Nc2ncc3cc(-c4c(Cl)c(OC)cc(OC)c4Cl)ccc3n2)c(NC(=O)CC)c1|*N[C@H](C(=O)N1C[C@H](O)C[C@H]1C(=O)NCc1ccc(-c2scnc2C)cc1)C(C)(C)C,[*]N1CCC(N2CCN(C(=O)CCC(=O)[*])CC2)CC1,O=C(CCC(=O)N1CCN(C2CCN(c3ccc(Nc4ncc5cc(-c6ccccc6)ccc5n4)cc3)CC2)CC1)NCC(=O)N1CCC[C@H]1C(=O)NCc1ccc(-c2cncs2)cc1,0.5176962,0.5177,2,-4.857246398925781,26.806598663330078,718.5937318968499,model1_clean.pdb,12
5.3442,11.4389,18.7535,0.2358784,CCC(=O)Nc1cc(N2CCC(N3CCN(CC(=O)CCC(=O)N[C@H](C(=O)N4C[C@H](O)C[C@H]4C(=O)NCc4ccc(-c5scnc5C)cc4)C(C)(C)C)CC3)CC2)cc(C)c1Nc1ncc2cc(-c3c(Cl)c(OC)cc(OC)c3Cl)ccc2n1,1,*c1cc(C)c(Nc2ncc3cc(-c4c(Cl)c(OC)cc(OC)c4Cl)ccc3n2)c(NC(=O)CC)c1|*N[C@H](C(=O)N1C[C@H](O)C[C@H]1C(=O)NCc1ccc(-c2scnc2C)cc1)C(C)(C)C,[*]N1CCC(N2CCN(CC(=O)CCC(=O)[*])CC2)CC1,O=C(CCC(=O)NCC(=O)N1CCC[C@H]1C(=O)NCc1ccc(-c2cncs2)cc1)CN1CCN(C2CCN(c3ccc(Nc4ncc5cc(-c6ccccc6)ccc5n4)cc3)CC2)CC1,0.2358784,0.2359,0,-4.30361270904541,44.906578063964844,2016.6007534149685,model1_clean.pdb,12
8.6463,7.3544,39.4803,0.3658966,CCC(=O)Nc1cc(N2CCC(NC(=O)CC(=O)N[C@H](C(=O)N3C[C@H](O)C[C@H]3C(=O)NCc3ccc(-c4scnc4C)cc3)C(C)(C)C)CC2)cc(C)c1Nc1ncc2cc(-c3c(Cl)c(OC)cc(OC)c3Cl)ccc2n1,1,*c1cc(C)c(Nc2ncc3cc(-c4c(Cl)c(OC)cc(OC)c4Cl)ccc3n2)c(NC(=O)CC)c1|*N[C@H](C(=O)N1C[C@H](O)C[C@H]1C(=O)NCc1ccc(-c2scnc2C)cc1)C(C)(C)C,[*]N1CCC(NC(=O)CC(=O)[*])CC1,O=C(CC(=O)NC1CCN(c2ccc(Nc3ncc4cc(-c5ccccc5)ccc4n3)cc2)CC1)NCC(=O)N1CCC[C@H]1C(=O)NCc1ccc(-c2cncs2)cc1,0.3658966,0.3659,0,-3.976569652557373,34.818206787109375,1212.3075238699093,model1_clean.pdb,12
4.7478,10.2830,27.4895,0.2950974,CCC(=O)Nc1cc(N2CCN(C(=O)COCCN[C@H](C(=O)N3C[C@H](O)C[C@H]3C(=O)NCc3ccc(-c4scnc4C)cc3)C(C)(C)C)CC2)cc(C)c1Nc1ncc2cc(-c3c(Cl)c(OC)cc(OC)c3Cl)ccc2n1,1,*c1cc(C)c(Nc2ncc3cc(-c4c(Cl)c(OC)cc(OC)c4Cl)ccc3n2)c(NC(=O)CC)c1|*N[C@H](C(=O)N1C[C@H](O)C[C@H]1C(=O)NCc1ccc(-c2scnc2C)cc1)C(C)(C)C,[*]N1CCN(C(=O)COCC[*])CC1,O=C(NCc1ccc(-c2cncs2)cc1)[C@@H]1CCCN1C(=O)CNCCOCC(=O)N1CCN(c2ccc(Nc3ncc4cc(-c5ccccc5)ccc4n3)cc2)CC1,0.2950974,0.2951,0,-4.432902812957764,42.482173919677734,1804.735100941747,model1_clean.pdb,12
11.9549,15.8978,21.2696,0.2903705,CCC(=O)Nc1cc(N2CCN(S(=O)(=O)CCCOCCOCC(=O)N[C@H](C(=O)N3C[C@H](O)C[C@H]3C(=O)NCc3ccc(-c4scnc4C)cc3)C(C)(C)C)CC2)cc(C)c1Nc1ncc2cc(-c3c(Cl)c(OC)cc(OC)c3Cl)ccc2n1,1,*c1cc(C)c(Nc2ncc3cc(-c4c(Cl)c(OC)cc(OC)c4Cl)ccc3n2)c(NC(=O)CC)c1|*N[C@H](C(=O)N1C[C@H](O)C[C@H]1C(=O)NCc1ccc(-c2scnc2C)cc1)C(C)(C)C,[*]N1CCN(S(=O)(=O)CCCOCCOCC(=O)[*])CC1,O=C(COCCOCCCS(=O)(=O)N1CCN(c2ccc(Nc3ncc4cc(-c5ccccc5)ccc4n3)cc2)CC1)NCC(=O)N1CCC[C@H]1C(=O)NCc1ccc(-c2cncs2)cc1,0.2903705,0.2904,0,-4.210050106048584,42.06380844116211,1769.3639805747807,model1_clean.pdb,12
6.5220,10.3110,29.2116,0.3087699,CCC(=O)Nc1cc(N2CC(N3CCN(C(=O)CCCC(=O)N[C@H](C(=O)N4C[C@H](O)C[C@H]4C(=O)NCc4ccc(-c5scnc5C)cc4)C(C)(C)C)CC3)C2)cc(C)c1Nc1ncc2cc(-c3c(Cl)c(OC)cc(OC)c3Cl)ccc2n1,1,*c1cc(C)c(Nc2ncc3cc(-c4c(Cl)c(OC)cc(OC)c4Cl)ccc3n2)c(NC(=O)CC)c1|*N[C@H](C(=O)N1C[C@H](O)C[C@H]1C(=O)NCc1ccc(-c2scnc2C)cc1)C(C)(C)C,[*]N1CC(N2CCN(C(=O)CCCC(=O)[*])CC2)C1,O=C(CCCC(=O)N1CCN(C2CN(c3ccc(Nc4ncc5cc(-c6ccccc6)ccc5n4)cc3)C2)CC1)NCC(=O)N1CCC[C@H]1C(=O)NCc1ccc(-c2cncs2)cc1,0.3087699,0.3088,0,-4.725469589233398,42.15611267089844,1777.1378355214838,model1_clean.pdb,13
6.1900,11.6026,19.3851,0.2420920,CCC(=O)Nc1cc(N2CC(N3CCN(C(=O)CCOCC(=O)N[C@H](C(=O)N4C[C@H](O)C[C@H]4C(=O)NCc4ccc(-c5scnc5C)cc4)C(C)(C)C)CC3)C2)cc(C)c1Nc1ncc2cc(-c3c(Cl)c(OC)cc(OC)c3Cl)ccc2n1,1,*c1cc(C)c(Nc2ncc3cc(-c4c(Cl)c(OC)cc(OC)c4Cl)ccc3n2)c(NC(=O)CC)c1|*N[C@H](C(=O)N1C[C@H](O)C[C@H]1C(=O)NCc1ccc(-c2scnc2C)cc1)C(C)(C)C,[*]N1CC(N2CCN(C(=O)CCOCC(=O)[*])CC2)C1,O=C(COCCC(=O)N1CCN(C2CN(c3ccc(Nc4ncc5cc(-c6ccccc6)ccc5n4)cc3)C2)CC1)NCC(=O)N1CCC[C@H]1C(=O)NCc1ccc(-c2cncs2)cc1,0.2420920,0.2421,0,-4.5075178146362305,44.828975677490234,2009.637060293011,model1_clean.pdb,13
6.2817,13.9056,13.7438,0.2160107,CCC(=O)Nc1cc(N2CC3(CN(C(=O)CCN[C@H](C(=O)N4C[C@H](O)C[C@H]4C(=O)NCc4ccc(-c5scnc5C)cc4)C(C)(C)C)C3)C2)cc(C)c1Nc1ncc2cc(-c3c(Cl)c(OC)cc(OC)c3Cl)ccc2n1,1,*c1cc(C)c(Nc2ncc3cc(-c4c(Cl)c(OC)cc(OC)c4Cl)ccc3n2)c(NC(=O)CC)c1|*N[C@H](C(=O)N1C[C@H](O)C[C@H]1C(=O)NCc1ccc(-c2scnc2C)cc1)C(C)(C)C,[*]N1CC2(C1)CN(C(=O)CC[*])C2,O=C(NCc1ccc(-c2cncs2)cc1)[C@@H]1CCCN1C(=O)CNCCC(=O)N1CC2(C1)CN(c1ccc(Nc3ncc4cc(-c5ccccc5)ccc4n3)cc1)C2,0.2160107,0.2160,0,-3.6471810340881348,41.34706115722656,1709.5794663394336,model1_clean.pdb,13
10.8476,14.7738,19.6763,0.2691416,CCC(=O)Nc1cc(N2CC3(CCN(C(=O)CCCCN[C@H](C(=O)N4C[C@H](O)C[C@H]4C(=O)NCc4ccc(-c5scnc5C)cc4)C(C)(C)C)C3)C2)cc(C)c1Nc1ncc2cc(-c3c(Cl)c(OC)cc(OC)c3Cl)ccc2n1,1,*c1cc(C)c(Nc2ncc3cc(-c4c(Cl)c(OC)cc(OC)c4Cl)ccc3n2)c(NC(=O)CC)c1|*N[C@H](C(=O)N1C[C@H](O)C[C@H]1C(=O)NCc1ccc(-c2scnc2C)cc1)C(C)(C)C,[*]N1CC2(CCN(C(=O)CCCC[*])C2)C1,O=C(NCc1ccc(-c2cncs2)cc1)[C@@H]1CCCN1C(=O)CNCCCCC(=O)N1CCC2(C1)CN(c1ccc(Nc3ncc4cc(-c5ccccc5)ccc4n3)cc1)C2,0.2691416,0.2691,0,-4.405430793762207,43.40609359741211,1884.0889613873005,model1_clean.pdb,13
4.5130,14.7371,30.4869,0.3533119,CCC(=O)Nc1cc(N2CCC(N3CCN(C(=O)COCCN[C@H](C(=O)N4C[C@H](O)C[C@H]4C(=O)NCc4ccc(-c5scnc5C)cc4)C(C)(C)C)CC3)CC2)cc(C)c1Nc1ncc2cc(-c3c(Cl)c(OC)cc(OC)c3Cl)ccc2n1,1,*c1cc(C)c(Nc2ncc3cc(-c4c(Cl)c(OC)cc(OC)c4Cl)ccc3n2)c(NC(=O)CC)c1|*N[C@H](C(=O)N1C[C@H](O)C[C@H]1C(=O)NCc1ccc(-c2scnc2C)cc1)C(C)(C)C,[*]N1CCC(N2CCN(C(=O)COCC[*])CC2)CC1,O=C(NCc1ccc(-c2cncs2)cc1)[C@@H]1CCCN1C(=O)CNCCOCC(=O)N1CCN(C2CCN(c3ccc(Nc4ncc5cc(-c6ccccc6)ccc5n4)cc3)CC2)CC1,0.3533119,0.3533,0,-4.083771228790283,36.89823532104492,1361.479769807207,model1_clean.pdb,13
5.3901,5.8884,33.4338,0.3072047,CCC(=O)Nc1cc(N2CCC(N3CCN(CC(=O)N[C@H](C(=O)N4C[C@H](O)C[C@H]4C(=O)NCc4ccc(-c5scnc5C)cc4)C(C)(C)C)CC3)CC2)cc(C)c1Nc1ncc2cc(-c3c(Cl)c(OC)cc(OC)c3Cl)ccc2n1,1,*c1cc(C)c(Nc2ncc3cc(-c4c(Cl)c(OC)cc(OC)c4Cl)ccc3n2)c(NC(=O)CC)c1|*N[C@H](C(=O)N1C[C@H](O)C[C@H]1C(=O)NCc1ccc(-c2scnc2C)cc1)C(C)(C)C,[*]N1CCC(N2CCN(CC(=O)[*])CC2)CC1,O=C(CN1CCN(C2CCN(c3ccc(Nc4ncc5cc(-c6ccccc6)ccc5n4)cc3)CC2)CC1)NCC(=O)N1CCC[C@H]1C(=O)NCc1ccc(-c2cncs2)cc1,0.3072047,0.3072,0,-4.363471984863281,41.57363510131836,1728.36713553757,model1_clean.pdb,13
9.2014,11.3079,16.0295,0.2135733,CCC(=O)Nc1cc(N2CCC3(CCN(C(=O)CCCC(=O)N[C@H](C(=O)N4C[C@H](O)C[C@H]4C(=O)NCc4ccc(-c5scnc5C)cc4)C(C)(C)C)CC3)CC2)cc(C)c1Nc1ncc2cc(-c3c(Cl)c(OC)cc(OC)c3Cl)ccc2n1,1,*c1cc(C)c(Nc2ncc3cc(-c4c(Cl)c(OC)cc(OC)c4Cl)ccc3n2)c(NC(=O)CC)c1|*N[C@H](C(=O)N1C[C@H](O)C[C@H]1C(=O)NCc1ccc(-c2scnc2C)cc1)C(C)(C)C,[*]N1CCC2(CCN(C(=O)CCCC(=O)[*])CC2)CC1,O=C(CCCC(=O)N1CCC2(CC1)CCN(c1ccc(Nc3ncc4cc(-c5ccccc5)ccc4n3)cc1)CC2)NCC(=O)N1CCC[C@H]1C(=O)NCc1ccc(-c2cncs2)cc1,0.2135733,0.2136,0,-4.3636040687561035,46.559051513671875,2167.7452778527513,model1_clean.pdb,13
6.5806,15.9582,22.8184,0.3029428,CCC(=O)Nc1cc(N2CCN(C(=O)CCN(C)C(=O)CCN[C@H](C(=O)N3C[C@H](O)C[C@H]3C(=O)NCc3ccc(-c4scnc4C)cc3)C(C)(C)C)CC2)cc(C)c1Nc1ncc2cc(-c3c(Cl)c(OC)cc(OC)c3Cl)ccc2n1,1,*c1cc(C)c(Nc2ncc3cc(-c4c(Cl)c(OC)cc(OC)c4Cl)ccc3n2)c(NC(=O)CC)c1|*N[C@H](C(=O)N1C[C@H](O)C[C@H]1C(=O)NCc1ccc(-c2scnc2C)cc1)C(C)(C)C,[*]N1CCN(C(=O)CCN(C)C(=O)CC[*])CC1,O=C(CCNCC(=O)N1CCC[C@H]1C(=O)NCc1ccc(-c2cncs2)cc1)NCCC(=O)N1CCN(c2ccc(Nc3ncc4cc(-c5ccccc5)ccc4n3)cc2)CC1,0.3029428,0.3029,0,-4.710818767547607,42.471588134765625,1803.8357986891642,model1_clean.pdb,13
3.8788,5.2127,33.7575,0.3044547,CCC(=O)Nc1cc(N2CCN(C(=O)CCOCC(=O)N[C@H](C(=O)N3C[C@H](O)C[C@H]3C(=O)NCc3ccc(-c4scnc4C)cc3)C(C)(C)C)CC2)cc(C)c1Nc1ncc2cc(-c3c(Cl)c(OC)cc(OC)c3Cl)ccc2n1,1,*c1cc(C)c(Nc2ncc3cc(-c4c(Cl)c(OC)cc(OC)c4Cl)ccc3n2)c(NC(=O)CC)c1|*N[C@H](C(=O)N1C[C@H](O)C[C@H]1C(=O)NCc1ccc(-c2scnc2C)cc1)C(C)(C)C,[*]N1CCN(C(=O)CCOCC(=O)[*])CC1,O=C(COCCC(=O)N1CCN(c2ccc(Nc3ncc4cc(-c5ccccc5)ccc4n3)cc2)CC1)NCC(=O)N1CCC[C@H]1C(=O)NCc1ccc(-c2cncs2)cc1,0.3044547,0.3045,0,-3.9096240997314453,38.180213928222656,1457.7287356048473,model1_clean.pdb,13
3.0128,9.7463,34.5960,0.3464247,CCC(=O)Nc1cc(N2CCN(C(=O)CCOCCN[C@H](C(=O)N3C[C@H](O)C[C@H]3C(=O)NCc3ccc(-c4scnc4C)cc3)C(C)(C)C)CC2)cc(C)c1Nc1ncc2cc(-c3c(Cl)c(OC)cc(OC)c3Cl)ccc2n1,1,*c1cc(C)c(Nc2ncc3cc(-c4c(Cl)c(OC)cc(OC)c4Cl)ccc3n2)c(NC(=O)CC)c1|*N[C@H](C(=O)N1C[C@H](O)C[C@H]1C(=O)NCc1ccc(-c2scnc2C)cc1)C(C)(C)C,[*]N1CCN(C(=O)CCOCC[*])CC1,O=C(NCc1ccc(-c2cncs2)cc1)[C@@H]1CCCN1C(=O)CNCCOCCC(=O)N1CCN(c2ccc(Nc3ncc4cc(-c5ccccc5)ccc4n3)cc2)CC1,0.3464247,0.3464,0,-4.362009525299072,39.90768051147461,1592.6229638059303,model1_clean.pdb,13
7.1906,14.3907,36.2338,0.3955037,CCC(=O)Nc1cc(N2CC(N3CCN(C(=O)CCCCN[C@H](C(=O)N4C[C@H](O)C[C@H]4C(=O)NCc4ccc(-c5scnc5C)cc4)C(C)(C)C)CC3)C2)cc(C)c1Nc1ncc2cc(-c3c(Cl)c(OC)cc(OC)c3Cl)ccc2n1,1,*c1cc(C)c(Nc2ncc3cc(-c4c(Cl)c(OC)cc(OC)c4Cl)ccc3n2)c(NC(=O)CC)c1|*N[C@H](C(=O)N1C[C@H](O)C[C@H]1C(=O)NCc1ccc(-c2scnc2C)cc1)C(C)(C)C,[*]N1CC(N2CCN(C(=O)CCCC[*])CC2)C1,O=C(NCc1ccc(-c2cncs2)cc1)[C@@H]1CCCN1C(=O)CNCCCCC(=O)N1CCN(C2CN(c3ccc(Nc4ncc5cc(-c6ccccc6)ccc5n4)cc3)C2)CC1,0.3955037,0.3955,0,-4.525269031524658,37.757076263427734,1425.596807962298,model1_clean.pdb,14
4.8266,8.8834,51.1718,0.4691813,CCC(=O)Nc1cc(N2CC3(CCN(C(=O)CCC(=O)N[C@H](C(=O)N4C[C@H](O)C[C@H]4C(=O)NCc4ccc(-c5scnc5C)cc4)C(C)(C)C)CC3)C2)cc(C)c1Nc1ncc2cc(-c3c(Cl)c(OC)cc(OC)c3Cl)ccc2n1,1,*c1cc(C)c(Nc2ncc3cc(-c4c(Cl)c(OC)cc(OC)c4Cl)ccc3n2)c(NC(=O)CC)c1|*N[C@H](C(=O)N1C[C@H](O)C[C@H]1C(=O)NCc1ccc(-c2scnc2C)cc1)C(C)(C)C,[*]N1CC2(CCN(C(=O)CCC(=O)[*])CC2)C1,O=C(CCC(=O)N1CCC2(CC1)CN(c1ccc(Nc3ncc4cc(-c5ccccc5)ccc4n3)cc1)C2)NCC(=O)N1CCC[C@H]1C(=O)NCc1ccc(-c2cncs2)cc1,0.4691813,0.4692,0,-4.517261505126953,33.724361419677734,1137.332553165048,model1_clean.pdb,14
4.8945,13.2405,24.7373,0.2967011,CCC(=O)Nc1cc(N2CC3(CCN(C(=O)CCN[C@H](C(=O)N4C[C@H](O)C[C@H]4C(=O)NCc4ccc(-c5scnc5C)cc4)C(C)(C)C)CC3)C2)cc(C)c1Nc1ncc2cc(-c3c(Cl)c(OC)cc(OC)c3Cl)ccc2n1,1,*c1cc(C)c(Nc2ncc3cc(-c4c(Cl)c(OC)cc(OC)c4Cl)ccc3n2)c(NC(=O)CC)c1|*N[C@H](C(=O)N1C[C@H](O)C[C@H]1C(=O)NCc1ccc(-c2scnc2C)cc1)C(C)(C)C,[*]N1CC2(CCN(C(=O)CC[*])CC2)C1,O=C(NCc1ccc(-c2cncs2)cc1)[C@@H]1CCCN1C(=O)CNCCC(=O)N1CCC2(CC1)CN(c1ccc(Nc3ncc4cc(-c5ccccc5)ccc4n3)cc1)C2,0.2967011,0.2967,0,-4.22080135345459,41.64170837402344,1734.0318763072137,model1_clean.pdb,14
4.2517,9.0178,15.7380,0.1934047,CCC(=O)Nc1cc(N2CCN(C(=O)CCCN[C@H](C(=O)N3C[C@H](O)C[C@H]3C(=O)NCc3ccc(-c4scnc4C)cc3)C(C)(C)C)CC2)cc(C)c1Nc1ncc2cc(-c3c(Cl)c(OC)cc(OC)c3Cl)ccc2n1,1,*c1cc(C)c(Nc2ncc3cc(-c4c(Cl)c(OC)cc(OC)c4Cl)ccc3n2)c(NC(=O)CC)c1|*N[C@H](C(=O)N1C[C@H](O)C[C@H]1C(=O)NCc1ccc(-c2scnc2C)cc1)C(C)(C)C,[*]N1CCN(C(=O)CCC[*])CC1,O=C(NCc1ccc(-c2cncs2)cc1)[C@@H]1CCCN1C(=O)CNCCCC(=O)N1CCN(c2ccc(Nc3ncc4cc(-c5ccccc5)ccc4n3)cc2)CC1,0.1934047,0.1934,0,-4.429481506347656,47.618431091308594,2267.514979597705,model1_clean.pdb,14
8.3911,11.3257,49.0520,0.4717009,CCC(=O)Nc1cc(N2CCN(C(=O)CCN3CCN(C(=O)N[C@H](C(=O)N4C[C@H](O)C[C@H]4C(=O)NCc4ccc(-c5scnc5C)cc4)C(C)(C)C)CC3)CC2)cc(C)c1Nc1ncc2cc(-c3c(Cl)c(OC)cc(OC)c3Cl)ccc2n1,1,*c1cc(C)c(Nc2ncc3cc(-c4c(Cl)c(OC)cc(OC)c4Cl)ccc3n2)c(NC(=O)CC)c1|*N[C@H](C(=O)N1C[C@H](O)C[C@H]1C(=O)NCc1ccc(-c2scnc2C)cc1)C(C)(C)C,[*]N1CCN(C(=O)CCN2CCN(C(=O)[*])CC2)CC1,O=C(NCc1ccc(-c2cncs2)cc1)[C@@H]1CCCN1C(=O)CNC(=O)N1CCN(CCC(=O)N2CCN(c3ccc(Nc4ncc5cc(-c6ccccc6)ccc5n4)cc3)CC2)CC1,0.4717009,0.4717,0,-4.57386589050293,33.76557540893555,1140.114082696513,model1_clean.pdb,14
7.2972,10.2190,49.8348,0.4691703,CCC(=O)Nc1cc(N2CCN(C(=O)CCOC(=O)N[C@H](C(=O)N3C[C@H](O)C[C@H]3C(=O)NCc3ccc(-c4scnc4C)cc3)C(C)(C)C)CC2)cc(C)c1Nc1ncc2cc(-c3c(Cl)c(OC)cc(OC)c3Cl)ccc2n1,1,*c1cc(C)c(Nc2ncc3cc(-c4c(Cl)c(OC)cc(OC)c4Cl)ccc3n2)c(NC(=O)CC)c1|*N[C@H](C(=O)N1C[C@H](O)C[C@H]1C(=O)NCc1ccc(-c2scnc2C)cc1)C(C)(C)C,[*]N1CCN(C(=O)CCOC(=O)[*])CC1,O=C(NCC(=O)N1CCC[C@H]1C(=O)NCc1ccc(-c2cncs2)cc1)OCCC(=O)N1CCN(c2ccc(Nc3ncc4cc(-c5ccccc5)ccc4n3)cc2)CC1,0.4691703,0.4692,0,-4.504236221313477,33.55043029785156,1125.631373170996,model1_clean.pdb,14
2.7909,9.7463,34.5960,0.3464247,CCC(=O)Nc1cc(N2CCN(C(=O)CCOCCN[C@H](C(=O)N3C[C@H](O)C[C@H]3C(=O)NCc3ccc(-c4scnc4C)cc3)C(C)(C)C)CC2)cc(C)c1Nc1ncc2cc(-c3c(Cl)c(OC)cc(OC)c3Cl)ccc2n1,1,*c1cc(C)c(Nc2ncc3cc(-c4c(Cl)c(OC)cc(OC)c4Cl)ccc3n2)c(NC(=O)CC)c1|*N[C@H](C(=O)N1C[C@H](O)C[C@H]1C(=O)NCc1ccc(-c2scnc2C)cc1)C(C)(C)C,[*]N1CCN(C(=O)CCOCC[*])CC1,O=C(NCc1ccc(-c2cncs2)cc1)[C@@H]1CCCN1C(=O)CNCCOCCC(=O)N1CCN(c2ccc(Nc3ncc4cc(-c5ccccc5)ccc4n3)cc2)CC1,0.3464247,0.3464,0,-4.362009525299072,39.90768051147461,1592.6229638059303,model1_clean.pdb,14
5.0559,12.7688,13.5329,0.2054818,CCC(=O)Nc1cc(N2CCN(C(=O)COCCOCCN[C@H](C(=O)N3C[C@H](O)C[C@H]3C(=O)NCc3ccc(-c4scnc4C)cc3)C(C)(C)C)CC2)cc(C)c1Nc1ncc2cc(-c3c(Cl)c(OC)cc(OC)c3Cl)ccc2n1,1,*c1cc(C)c(Nc2ncc3cc(-c4c(Cl)c(OC)cc(OC)c4Cl)ccc3n2)c(NC(=O)CC)c1|*N[C@H](C(=O)N1C[C@H](O)C[C@H]1C(=O)NCc1ccc(-c2scnc2C)cc1)C(C)(C)C,[*]N1CCN(C(=O)COCCOCC[*])CC1,O=C(NCc1ccc(-c2cncs2)cc1)[C@@H]1CCCN1C(=O)CNCCOCCOCC(=O)N1CCN(c2ccc(Nc3ncc4cc(-c5ccccc5)ccc4n3)cc2)CC1,0.2054818,0.2055,0,-4.5313239097595215,47.05072021484375,2213.7702727355063,model1_clean.pdb,14
3.5322,10.2830,27.4895,0.2950974,CCC(=O)Nc1cc(N2CCN(C(=O)COCCN[C@H](C(=O)N3C[C@H](O)C[C@H]3C(=O)NCc3ccc(-c4scnc4C)cc3)C(C)(C)C)CC2)cc(C)c1Nc1ncc2cc(-c3c(Cl)c(OC)cc(OC)c3Cl)ccc2n1,1,*c1cc(C)c(Nc2ncc3cc(-c4c(Cl)c(OC)cc(OC)c4Cl)ccc3n2)c(NC(=O)CC)c1|*N[C@H](C(=O)N1C[C@H](O)C[C@H]1C(=O)NCc1ccc(-c2scnc2C)cc1)C(C)(C)C,[*]N1CCN(C(=O)COCC[*])CC1,O=C(NCc1ccc(-c2cncs2)cc1)[C@@H]1CCCN1C(=O)CNCCOCC(=O)N1CCN(c2ccc(Nc3ncc4cc(-c5ccccc5)ccc4n3)cc2)CC1,0.2950974,0.2951,0,-4.432902812957764,42.482173919677734,1804.735100941747,model1_clean.pdb,14
4.9729,6.6762,38.4753,0.3527460,CCC(=O)Nc1cc(N2CCN(CC(=O)CCC(=O)N[C@H](C(=O)N3C[C@H](O)C[C@H]3C(=O)NCc3ccc(-c4scnc4C)cc3)C(C)(C)C)CC2)cc(C)c1Nc1ncc2cc(-c3c(Cl)c(OC)cc(OC)c3Cl)ccc2n1,1,*c1cc(C)c(Nc2ncc3cc(-c4c(Cl)c(OC)cc(OC)c4Cl)ccc3n2)c(NC(=O)CC)c1|*N[C@H](C(=O)N1C[C@H](O)C[C@H]1C(=O)NCc1ccc(-c2scnc2C)cc1)C(C)(C)C,[*]N1CCN(CC(=O)CCC(=O)[*])CC1,O=C(CCC(=O)NCC(=O)N1CCC[C@H]1C(=O)NCc1ccc(-c2cncs2)cc1)CN1CCN(c2ccc(Nc3ncc4cc(-c5ccccc5)ccc4n3)cc2)CC1,0.3527460,0.3527,0,-3.9207496643066406,34.414764404296875,1184.3760090032592,model1_clean.pdb,14
4.8431,14.8863,12.5480,0.2143303,CCC(=O)Nc1cc(N2CC3(CN(C(=O)COCCN[C@H](C(=O)N4C[C@H](O)C[C@H]4C(=O)NCc4ccc(-c5scnc5C)cc4)C(C)(C)C)C3)C2)cc(C)c1Nc1ncc2cc(-c3c(Cl)c(OC)cc(OC)c3Cl)ccc2n1,1,*c1cc(C)c(Nc2ncc3cc(-c4c(Cl)c(OC)cc(OC)c4Cl)ccc3n2)c(NC(=O)CC)c1|*N[C@H](C(=O)N1C[C@H](O)C[C@H]1C(=O)NCc1ccc(-c2scnc2C)cc1)C(C)(C)C,[*]N1CC2(C1)CN(C(=O)COCC[*])C2,O=C(NCc1ccc(-c2cncs2)cc1)[C@@H]1CCCN1C(=O)CNCCOCC(=O)N1CC2(C1)CN(c1ccc(Nc3ncc4cc(-c5ccccc5)ccc4n3)cc1)C2,0.2143303,0.2143,0,-4.251858711242676,46.45738220214844,2158.2883610764984,model1_clean.pdb,15
4.4288,12.7078,10.4756,0.1811206,CCC(=O)Nc1cc(N2CC3(CCN(C(=O)CCCN[C@H](C(=O)N4C[C@H](O)C[C@H]4C(=O)NCc4ccc(-c5scnc5C)cc4)C(C)(C)C)CC3)C2)cc(C)c1Nc1ncc2cc(-c3c(Cl)c(OC)cc(OC)c3Cl)ccc2n1,1,*c1cc(C)c(Nc2ncc3cc(-c4c(Cl)c(OC)cc(OC)c4Cl)ccc3n2)c(NC(=O)CC)c1|*N[C@H](C(=O)N1C[C@H](O)C[C@H]1C(=O)NCc1ccc(-c2scnc2C)cc1)C(C)(C)C,[*]N1CC2(CCN(C(=O)CCC[*])CC2)C1,O=C(NCc1ccc(-c2cncs2)cc1)[C@@H]1CCCN1C(=O)CNCCCC(=O)N1CCC2(CC1)CN(c1ccc(Nc3ncc4cc(-c5ccccc5)ccc4n3)cc1)C2,0.1811206,0.1811,0,-4.037941932678223,47.29096603393555,2236.4354684228456,model1_clean.pdb,15
5.4348,12.2726,15.8506,0.2197124,CCC(=O)Nc1cc(N2CC3(CCN(C(=O)CN[C@H](C(=O)N4C[C@H](O)C[C@H]4C(=O)NCc4ccc(-c5scnc5C)cc4)C(C)(C)C)CC3)C2)cc(C)c1Nc1ncc2cc(-c3c(Cl)c(OC)cc(OC)c3Cl)ccc2n1,1,*c1cc(C)c(Nc2ncc3cc(-c4c(Cl)c(OC)cc(OC)c4Cl)ccc3n2)c(NC(=O)CC)c1|*N[C@H](C(=O)N1C[C@H](O)C[C@H]1C(=O)NCc1ccc(-c2scnc2C)cc1)C(C)(C)C,[*]N1CC2(CCN(C(=O)C[*])CC2)C1,O=C(NCc1ccc(-c2cncs2)cc1)[C@@H]1CCCN1C(=O)CNCC(=O)N1CCC2(CC1)CN(c1ccc(Nc3ncc4cc(-c5ccccc5)ccc4n3)cc1)C2,0.2197124,0.2197,0,-4.11806583404541,45.32121658325195,2054.012672586032,model1_clean.pdb,15
5.7460,7.2015,29.3512,0.2855675,CCC(=O)Nc1cc(N2CC3(CCN(CC(=O)N[C@H](C(=O)N4C[C@H](O)C[C@H]4C(=O)NCc4ccc(-c5scnc5C)cc4)C(C)(C)C)CC3)C2)cc(C)c1Nc1ncc2cc(-c3c(Cl)c(OC)cc(OC)c3Cl)ccc2n1,1,*c1cc(C)c(Nc2ncc3cc(-c4c(Cl)c(OC)cc(OC)c4Cl)ccc3n2)c(NC(=O)CC)c1|*N[C@H](C(=O)N1C[C@H](O)C[C@H]1C(=O)NCc1ccc(-c2scnc2C)cc1)C(C)(C)C,[*]N1CC2(CCN(CC(=O)[*])CC2)C1,O=C(CN1CCC2(CC1)CN(c1ccc(Nc3ncc4cc(-c5ccccc5)ccc4n3)cc1)C2)NCC(=O)N1CCC[C@H]1C(=O)NCc1ccc(-c2cncs2)cc1,0.2855675,0.2856,0,-4.373709201812744,42.68510437011719,1822.0181350877974,model1_clean.pdb,15
20.6704,26.7111,-1.7287,0.1951748,CCC(=O)Nc1cc(N2CCC(N3CC(OCCCc4ccc(OC(=O)N[C@H](C(=O)N5C[C@H](O)C[C@H]5C(=O)NCc5ccc(-c6scnc6C)cc5)C(C)(C)C)cc4)C3)CC2)cc(C)c1Nc1ncc2cc(-c3c(Cl)c(OC)cc(OC)c3Cl)ccc2n1,1,*c1cc(C)c(Nc2ncc3cc(-c4c(Cl)c(OC)cc(OC)c4Cl)ccc3n2)c(NC(=O)CC)c1|*N[C@H](C(=O)N1C[C@H](O)C[C@H]1C(=O)NCc1ccc(-c2scnc2C)cc1)C(C)(C)C,[*]N1CCC(N2CC(OCCCc3ccc(OC(=O)[*])cc3)C2)CC1,O=C(NCC(=O)N1CCC[C@H]1C(=O)NCc1ccc(-c2cncs2)cc1)Oc1ccc(CCCOC2CN(C3CCN(c4ccc(Nc5ncc6cc(-c7ccccc7)ccc6n5)cc4)CC3)C2)cc1,0.1951748,0.1952,0,-3.839205265045166,45.934814453125,2110.0071788430214,model1_clean.pdb,15
3.2880,4.5993,41.4640,0.3598696,CCC(=O)Nc1cc(N2CCN(C(=O)CCC(=O)N[C@H](C(=O)N3C[C@H](O)C[C@H]3C(=O)NCc3ccc(-c4scnc4C)cc3)C(C)(C)C)CC2)cc(C)c1Nc1ncc2cc(-c3c(Cl)c(OC)cc(OC)c3Cl)ccc2n1,1,*c1cc(C)c(Nc2ncc3cc(-c4c(Cl)c(OC)cc(OC)c4Cl)ccc3n2)c(NC(=O)CC)c1|*N[C@H](C(=O)N1C[C@H](O)C[C@H]1C(=O)NCc1ccc(-c2scnc2C)cc1)C(C)(C)C,[*]N1CCN(C(=O)CCC(=O)[*])CC1,O=C(CCC(=O)N1CCN(c2ccc(Nc3ncc4cc(-c5ccccc5)ccc4n3)cc2)CC1)NCC(=O)N1CCC[C@H]1C(=O)NCc1ccc(-c2cncs2)cc1,0.3598696,0.3599,0,-4.563702583312988,39.7055778503418,1576.532912429553,model1_clean.pdb,15
2.6697,9.7463,34.5960,0.3464247,CCC(=O)Nc1cc(N2CCN(C(=O)CCOCCN[C@H](C(=O)N3C[C@H](O)C[C@H]3C(=O)NCc3ccc(-c4scnc4C)cc3)C(C)(C)C)CC2)cc(C)c1Nc1ncc2cc(-c3c(Cl)c(OC)cc(OC)c3Cl)ccc2n1,1,*c1cc(C)c(Nc2ncc3cc(-c4c(Cl)c(OC)cc(OC)c4Cl)ccc3n2)c(NC(=O)CC)c1|*N[C@H](C(=O)N1C[C@H](O)C[C@H]1C(=O)NCc1ccc(-c2scnc2C)cc1)C(C)(C)C,[*]N1CCN(C(=O)CCOCC[*])CC1,O=C(NCc1ccc(-c2cncs2)cc1)[C@@H]1CCCN1C(=O)CNCCOCCC(=O)N1CCN(c2ccc(Nc3ncc4cc(-c5ccccc5)ccc4n3)cc2)CC1,0.3464247,0.3464,0,-4.362009525299072,39.90768051147461,1592.6229638059303,model1_clean.pdb,15
3.1768,10.2830,27.4895,0.2950974,CCC(=O)Nc1cc(N2CCN(C(=O)COCCN[C@H](C(=O)N3C[C@H](O)C[C@H]3C(=O)NCc3ccc(-c4scnc4C)cc3)C(C)(C)C)CC2)cc(C)c1Nc1ncc2cc(-c3c(Cl)c(OC)cc(OC)c3Cl)ccc2n1,1,*c1cc(C)c(Nc2ncc3cc(-c4c(Cl)c(OC)cc(OC)c4Cl)ccc3n2)c(NC(=O)CC)c1|*N[C@H](C(=O)N1C[C@H](O)C[C@H]1C(=O)NCc1ccc(-c2scnc2C)cc1)C(C)(C)C,[*]N1CCN(C(=O)COCC[*])CC1,O=C(NCc1ccc(-c2cncs2)cc1)[C@@H]1CCCN1C(=O)CNCCOCC(=O)N1CCN(c2ccc(Nc3ncc4cc(-c5ccccc5)ccc4n3)cc2)CC1,0.2950974,0.2951,0,-4.432902812957764,42.482173919677734,1804.735100941747,model1_clean.pdb,15
7.4024,13.7873,20.9619,0.2714781,CCC(=O)Nc1cc(N2CCN(CCOCCOCCN[C@H](C(=O)N3C[C@H](O)C[C@H]3C(=O)NCc3ccc(-c4scnc4C)cc3)C(C)(C)C)CC2)cc(C)c1Nc1ncc2cc(-c3c(Cl)c(OC)cc(OC)c3Cl)ccc2n1,1,*c1cc(C)c(Nc2ncc3cc(-c4c(Cl)c(OC)cc(OC)c4Cl)ccc3n2)c(NC(=O)CC)c1|*N[C@H](C(=O)N1C[C@H](O)C[C@H]1C(=O)NCc1ccc(-c2scnc2C)cc1)C(C)(C)C,[*]N1CCN(CCOCCOCC[*])CC1,O=C(NCc1ccc(-c2cncs2)cc1)[C@@H]1CCCN1C(=O)CNCCOCCOCCN1CCN(c2ccc(Nc3ncc4cc(-c5ccccc5)ccc4n3)cc2)CC1,0.2714781,0.2715,0,-4.282072067260742,43.1818962097168,1864.6761602667539,model1_clean.pdb,15
8.2425,9.8103,47.0373,0.4441218,CCC(=O)Nc1cc(N2CCN(Cc3ccc(OCC(=O)N[C@H](C(=O)N4C[C@H](O)C[C@H]4C(=O)NCc4ccc(-c5scnc5C)cc4)C(C)(C)C)cc3)CC2)cc(C)c1Nc1ncc2cc(-c3c(Cl)c(OC)cc(OC)c3Cl)ccc2n1,1,*c1cc(C)c(Nc2ncc3cc(-c4c(Cl)c(OC)cc(OC)c4Cl)ccc3n2)c(NC(=O)CC)c1|*N[C@H](C(=O)N1C[C@H](O)C[C@H]1C(=O)NCc1ccc(-c2scnc2C)cc1)C(C)(C)C,[*]N1CCN(Cc2ccc(OCC(=O)[*])cc2)CC1,O=C(COc1ccc(CN2CCN(c3ccc(Nc4ncc5cc(-c6ccccc6)ccc5n4)cc3)CC2)cc1)NCC(=O)N1CCC[C@H]1C(=O)NCc1ccc(-c2cncs2)cc1,0.4441218,0.4441,0,-4.424893379211426,35.160377502441406,1236.2521461141878,model1_clean.pdb,15
4.6888,15.1347,24.6939,0.3111610,CCC(=O)Nc1cc(N2CC(N3CCN(C(=O)CCN[C@H](C(=O)N4C[C@H](O)C[C@H]4C(=O)NCc4ccc(-c5scnc5C)cc4)C(C)(C)C)CC3)C2)cc(C)c1Nc1ncc2cc(-c3c(Cl)c(OC)cc(OC)c3Cl)ccc2n1,1,*c1cc(C)c(Nc2ncc3cc(-c4c(Cl)c(OC)cc(OC)c4Cl)ccc3n2)c(NC(=O)CC)c1|*N[C@H](C(=O)N1C[C@H](O)C[C@H]1C(=O)NCc1ccc(-c2scnc2C)cc1)C(C)(C)C,[*]N1CC(N2CCN(C(=O)CC[*])CC2)C1,O=C(NCc1ccc(-c2cncs2)cc1)[C@@H]1CCCN1C(=O)CNCCC(=O)N1CCN(C2CN(c3ccc(Nc4ncc5cc(-c6ccccc6)ccc5n4)cc3)C2)CC1,0.3111610,0.3112,0,-4.283370018005371,41.04938507080078,1685.052014690882,model1_clean.pdb,16
4.6102,13.3623,26.9931,0.3152766,CCC(=O)Nc1cc(N2CC3(CN(C(=O)CCOCCN[C@H](C(=O)N4C[C@H](O)C[C@H]4C(=O)NCc4ccc(-c5scnc5C)cc4)C(C)(C)C)C3)C2)cc(C)c1Nc1ncc2cc(-c3c(Cl)c(OC)cc(OC)c3Cl)ccc2n1,1,*c1cc(C)c(Nc2ncc3cc(-c4c(Cl)c(OC)cc(OC)c4Cl)ccc3n2)c(NC(=O)CC)c1|*N[C@H](C(=O)N1C[C@H](O)C[C@H]1C(=O)NCc1ccc(-c2scnc2C)cc1)C(C)(C)C,[*]N1CC2(C1)CN(C(=O)CCOCC[*])C2,O=C(NCc1ccc(-c2cncs2)cc1)[C@@H]1CCCN1C(=O)CNCCOCCC(=O)N1CC2(C1)CN(c1ccc(Nc3ncc4cc(-c5ccccc5)ccc4n3)cc1)C2,0.3152766,0.3153,0,-4.126153469085693,40.05883026123047,1604.709881898074,model1_clean.pdb,16
7.7260,15.2360,5.9038,0.1651542,CCC(=O)Nc1cc(N2CC3(CC(NC(=O)CCN[C@H](C(=O)N4C[C@H](O)C[C@H]4C(=O)NCc4ccc(-c5scnc5C)cc4)C(C)(C)C)C3)C2)cc(C)c1Nc1ncc2cc(-c3c(Cl)c(OC)cc(OC)c3Cl)ccc2n1,1,*c1cc(C)c(Nc2ncc3cc(-c4c(Cl)c(OC)cc(OC)c4Cl)ccc3n2)c(NC(=O)CC)c1|*N[C@H](C(=O)N1C[C@H](O)C[C@H]1C(=O)NCc1ccc(-c2scnc2C)cc1)C(C)(C)C,[*]N1CC2(CC(NC(=O)CC[*])C2)C1,O=C(CCNCC(=O)N1CCC[C@H]1C(=O)NCc1ccc(-c2cncs2)cc1)NC1CC2(C1)CN(c1ccc(Nc3ncc4cc(-c5ccccc5)ccc4n3)cc1)C2,0.1651542,0.1652,0,-4.002707481384277,48.80039596557617,2381.478646397023,model1_clean.pdb,16
3.5966,13.2405,24.7373,0.2967011,CCC(=O)Nc1cc(N2CC3(CCN(C(=O)CCN[C@H](C(=O)N4C[C@H](O)C[C@H]4C(=O)NCc4ccc(-c5scnc5C)cc4)C(C)(C)C)CC3)C2)cc(C)c1Nc1ncc2cc(-c3c(Cl)c(OC)cc(OC)c3Cl)ccc2n1,1,*c1cc(C)c(Nc2ncc3cc(-c4c(Cl)c(OC)cc(OC)c4Cl)ccc3n2)c(NC(=O)CC)c1|*N[C@H](C(=O)N1C[C@H](O)C[C@H]1C(=O)NCc1ccc(-c2scnc2C)cc1)C(C)(C)C,[*]N1CC2(CCN(C(=O)CC[*])CC2)C1,O=C(NCc1ccc(-c2cncs2)cc1)[C@@H]1CCCN1C(=O)CNCCC(=O)N1CCC2(CC1)CN(c1ccc(Nc3ncc4cc(-c5ccccc5)ccc4n3)cc1)C2,0.2967011,0.2967,0,-4.22080135345459,41.64170837402344,1734.0318763072137,model1_clean.pdb,16
5.2039,15.0305,8.9942,0.1876934,CCC(=O)Nc1cc(N2CC3(CCN(C(=O)COCCN[C@H](C(=O)N4C[C@H](O)C[C@H]4C(=O)NCc4ccc(-c5scnc5C)cc4)C(C)(C)C)CC3)C2)cc(C)c1Nc1ncc2cc(-c3c(Cl)c(OC)cc(OC)c3Cl)ccc2n1,1,*c1cc(C)c(Nc2ncc3cc(-c4c(Cl)c(OC)cc(OC)c4Cl)ccc3n2)c(NC(=O)CC)c1|*N[C@H](C(=O)N1C[C@H](O)C[C@H]1C(=O)NCc1ccc(-c2scnc2C)cc1)C(C)(C)C,[*]N1CC2(CCN(C(=O)COCC[*])CC2)C1,O=C(NCc1ccc(-c2cncs2)cc1)[C@@H]1CCCN1C(=O)CNCCOCC(=O)N1CCC2(CC1)CN(c1ccc(Nc3ncc4cc(-c5ccccc5)ccc4n3)cc1)C2,0.1876934,0.1877,0,-4.078211784362793,47.110843658447266,2219.431590210661,model1_clean.pdb,16
8.2669,18.1528,19.8315,0.2967526,CCC(=O)Nc1cc(N2CCC3(CCN(C(=O)COCCN[C@H](C(=O)N4C[C@H](O)C[C@H]4C(=O)NCc4ccc(-c5scnc5C)cc4)C(C)(C)C)CC3)CC2)cc(C)c1Nc1ncc2cc(-c3c(Cl)c(OC)cc(OC)c3Cl)ccc2n1,1,*c1cc(C)c(Nc2ncc3cc(-c4c(Cl)c(OC)cc(OC)c4Cl)ccc3n2)c(NC(=O)CC)c1|*N[C@H](C(=O)N1C[C@H](O)C[C@H]1C(=O)NCc1ccc(-c2scnc2C)cc1)C(C)(C)C,[*]N1CCC2(CCN(C(=O)COCC[*])CC2)CC1,O=C(NCc1ccc(-c2cncs2)cc1)[C@@H]1CCCN1C(=O)CNCCOCC(=O)N1CCC2(CC1)CCN(c1ccc(Nc3ncc4cc(-c5ccccc5)ccc4n3)cc1)CC2,0.2967526,0.2968,0,-4.299251556396484,42.06786346435547,1769.7051364556537,model1_clean.pdb,16
3.0644,9.4634,20.3133,0.2326311,CCC(=O)Nc1cc(N2CCN(C(=O)CCN[C@H](C(=O)N3C[C@H](O)C[C@H]3C(=O)NCc3ccc(-c4scnc4C)cc3)C(C)(C)C)CC2)cc(C)c1Nc1ncc2cc(-c3c(Cl)c(OC)cc(OC)c3Cl)ccc2n1,1,*c1cc(C)c(Nc2ncc3cc(-c4c(Cl)c(OC)cc(OC)c4Cl)ccc3n2)c(NC(=O)CC)c1|*N[C@H](C(=O)N1C[C@H](O)C[C@H]1C(=O)NCc1ccc(-c2scnc2C)cc1)C(C)(C)C,[*]N1CCN(C(=O)CC[*])CC1,O=C(NCc1ccc(-c2cncs2)cc1)[C@@H]1CCCN1C(=O)CNCCC(=O)N1CCN(c2ccc(Nc3ncc4cc(-c5ccccc5)ccc4n3)cc2)CC1,0.2326311,0.2326,0,-4.0309600830078125,44.1444091796875,1948.728861823678,model1_clean.pdb,16
13.8745,20.4115,27.3387,0.3730484,CCC(=O)Nc1cc(N2CCN(CC(=O)CN(C)CCCN[C@H](C(=O)N3C[C@H](O)C[C@H]3C(=O)NCc3ccc(-c4scnc4C)cc3)C(C)(C)C)CC2)cc(C)c1Nc1ncc2cc(-c3c(Cl)c(OC)cc(OC)c3Cl)ccc2n1,1,*c1cc(C)c(Nc2ncc3cc(-c4c(Cl)c(OC)cc(OC)c4Cl)ccc3n2)c(NC(=O)CC)c1|*N[C@H](C(=O)N1C[C@H](O)C[C@H]1C(=O)NCc1ccc(-c2scnc2C)cc1)C(C)(C)C,[*]N1CCN(CC(=O)CN(C)CCC[*])CC1,O=C(CNCCCNCC(=O)N1CCC[C@H]1C(=O)NCc1ccc(-c2cncs2)cc1)CN1CCN(c2ccc(Nc3ncc4cc(-c5ccccc5)ccc4n3)cc2)CC1,0.3730484,0.3730,0,-4.184477806091309,37.075538635253906,1374.595565094205,model1_clean.pdb,16
6.3406,13.1599,33.7446,0.3664415,CCC(=O)Nc1cc(N2CCN(S(=O)(=O)CCCN[C@H](C(=O)N3C[C@H](O)C[C@H]3C(=O)NCc3ccc(-c4scnc4C)cc3)C(C)(C)C)CC2)cc(C)c1Nc1ncc2cc(-c3c(Cl)c(OC)cc(OC)c3Cl)ccc2n1,1,*c1cc(C)c(Nc2ncc3cc(-c4c(Cl)c(OC)cc(OC)c4Cl)ccc3n2)c(NC(=O)CC)c1|*N[C@H](C(=O)N1C[C@H](O)C[C@H]1C(=O)NCc1ccc(-c2scnc2C)cc1)C(C)(C)C,[*]N1CCN(S(=O)(=O)CCC[*])CC1,O=C(NCc1ccc(-c2cncs2)cc1)[C@@H]1CCCN1C(=O)CNCCCS(=O)(=O)N1CCN(c2ccc(Nc3ncc4cc(-c5ccccc5)ccc4n3)cc2)CC1,0.3664415,0.3664,0,-4.305241584777832,38.4580192565918,1479.0192451403855,model1_clean.pdb,16
7.2977,19.8231,25.9914,0.3579258,CCC(=O)Nc1cc(N2CC3(CN(C(=O)CCON[C@H](C(=O)N4C[C@H](O)C[C@H]4C(=O)NCc4ccc(-c5scnc5C)cc4)C(C)(C)C)C3)C2)cc(C)c1Nc1ncc2cc(-c3c(Cl)c(OC)cc(OC)c3Cl)ccc2n1,1,*c1cc(C)c(Nc2ncc3cc(-c4c(Cl)c(OC)cc(OC)c4Cl)ccc3n2)c(NC(=O)CC)c1|*N[C@H](C(=O)N1C[C@H](O)C[C@H]1C(=O)NCc1ccc(-c2scnc2C)cc1)C(C)(C)C,[*]N1CC2(C1)CN(C(=O)CCO[*])C2,O=C(NCc1ccc(-c2cncs2)cc1)[C@@H]1CCCN1C(=O)CNOCCC(=O)N1CC2(C1)CN(c1ccc(Nc3ncc4cc(-c5ccccc5)ccc4n3)cc1)C2,0.3579258,0.3579,0,-3.894343852996826,32.845035552978516,1078.7963604764227,model1_clean.pdb,17
3.1031,13.2405,24.7373,0.2967011,CCC(=O)Nc1cc(N2CC3(CCN(C(=O)CCN[C@H](C(=O)N4C[C@H](O)C[C@H]4C(=O)NCc4ccc(-c5scnc5C)cc4)C(C)(C)C)CC3)C2)cc(C)c1Nc1ncc2cc(-c3c(Cl)c(OC)cc(OC)c3Cl)ccc2n1,1,*c1cc(C)c(Nc2ncc3cc(-c4c(Cl)c(OC)cc(OC)c4Cl)ccc3n2)c(NC(=O)CC)c1|*N[C@H](C(=O)N1C[C@H](O)C[C@H]1C(=O)NCc1ccc(-c2scnc2C)cc1)C(C)(C)C,[*]N1CC2(CCN(C(=O)CC[*])CC2)C1,O=C(NCc1ccc(-c2cncs2)cc1)[C@@H]1CCCN1C(=O)CNCCC(=O)N1CCC2(CC1)CN(c1ccc(Nc3ncc4cc(-c5ccccc5)ccc4n3)cc1)C2,0.2967011,0.2967,0,-4.22080135345459,41.64170837402344,1734.0318763072137,model1_clean.pdb,17
3.4035,4.5993,41.4640,0.3598696,CCC(=O)Nc1cc(N2CCN(C(=O)CCC(=O)N[C@H](C(=O)N3C[C@H](O)C[C@H]3C(=O)NCc3ccc(-c4scnc4C)cc3)C(C)(C)C)CC2)cc(C)c1Nc1ncc2cc(-c3c(Cl)c(OC)cc(OC)c3Cl)ccc2n1,1,*c1cc(C)c(Nc2ncc3cc(-c4c(Cl)c(OC)cc(OC)c4Cl)ccc3n2)c(NC(=O)CC)c1|*N[C@H](C(=O)N1C[C@H](O)C[C@H]1C(=O)NCc1ccc(-c2scnc2C)cc1)C(C)(C)C,[*]N1CCN(C(=O)CCC(=O)[*])CC1,O=C(CCC(=O)N1CCN(c2ccc(Nc3ncc4cc(-c5ccccc5)ccc4n3)cc2)CC1)NCC(=O)N1CCC[C@H]1C(=O)NCc1ccc(-c2cncs2)cc1,0.3598696,0.3599,0,-4.563702583312988,39.7055778503418,1576.532912429553,model1_clean.pdb,17
2.8380,9.0178,15.7380,0.1934047,CCC(=O)Nc1cc(N2CCN(C(=O)CCCN[C@H](C(=O)N3C[C@H](O)C[C@H]3C(=O)NCc3ccc(-c4scnc4C)cc3)C(C)(C)C)CC2)cc(C)c1Nc1ncc2cc(-c3c(Cl)c(OC)cc(OC)c3Cl)ccc2n1,1,*c1cc(C)c(Nc2ncc3cc(-c4c(Cl)c(OC)cc(OC)c4Cl)ccc3n2)c(NC(=O)CC)c1|*N[C@H](C(=O)N1C[C@H](O)C[C@H]1C(=O)NCc1ccc(-c2scnc2C)cc1)C(C)(C)C,[*]N1CCN(C(=O)CCC[*])CC1,O=C(NCc1ccc(-c2cncs2)cc1)[C@@H]1CCCN1C(=O)CNCCCC(=O)N1CCN(c2ccc(Nc3ncc4cc(-c5ccccc5)ccc4n3)cc2)CC1,0.1934047,0.1934,0,-4.429481506347656,47.618431091308594,2267.514979597705,model1_clean.pdb,17
2.8463,10.2830,27.4895,0.2950974,CCC(=O)Nc1cc(N2CCN(C(=O)COCCN[C@H](C(=O)N3C[C@H](O)C[C@H]3C(=O)NCc3ccc(-c4scnc4C)cc3)C(C)(C)C)CC2)cc(C)c1Nc1ncc2cc(-c3c(Cl)c(OC)cc(OC)c3Cl)ccc2n1,1,*c1cc(C)c(Nc2ncc3cc(-c4c(Cl)c(OC)cc(OC)c4Cl)ccc3n2)c(NC(=O)CC)c1|*N[C@H](C(=O)N1C[C@H](O)C[C@H]1C(=O)NCc1ccc(-c2scnc2C)cc1)C(C)(C)C,[*]N1CCN(C(=O)COCC[*])CC1,O=C(NCc1ccc(-c2cncs2)cc1)[C@@H]1CCCN1C(=O)CNCCOCC(=O)N1CCN(c2ccc(Nc3ncc4cc(-c5ccccc5)ccc4n3)cc2)CC1,0.2950974,0.2951,0,-4.432902812957764,42.482173919677734,1804.735100941747,model1_clean.pdb,17
12.6057,21.4028,17.8179,0.3064113,CCC(=O)Nc1cc(N2CCN(CN(C)C(=O)COCCN[C@H](C(=O)N3C[C@H](O)C[C@H]3C(=O)NCc3ccc(-c4scnc4C)cc3)C(C)(C)C)CC2)cc(C)c1Nc1ncc2cc(-c3c(Cl)c(OC)cc(OC)c3Cl)ccc2n1,1,*c1cc(C)c(Nc2ncc3cc(-c4c(Cl)c(OC)cc(OC)c4Cl)ccc3n2)c(NC(=O)CC)c1|*N[C@H](C(=O)N1C[C@H](O)C[C@H]1C(=O)NCc1ccc(-c2scnc2C)cc1)C(C)(C)C,[*]N1CCN(CN(C)C(=O)COCC[*])CC1,O=C(COCCNCC(=O)N1CCC[C@H]1C(=O)NCc1ccc(-c2cncs2)cc1)NCN1CCN(c2ccc(Nc3ncc4cc(-c5ccccc5)ccc4n3)cc2)CC1,0.3064113,0.3064,0,-4.224405288696289,41.04659652709961,1684.8230864585057,model1_clean.pdb,17
11.5618,12.9125,5.7234,0.1455934,CCC(=O)Nc1cc(N2CC(C(=O)NCCCN[C@H](C(=O)N3C[C@H](O)C[C@H]3C(=O)NCc3ccc(-c4scnc4C)cc3)C(C)(C)C)C2)cc(C)c1Nc1ncc2cc(-c3c(Cl)c(OC)cc(OC)c3Cl)ccc2n1,1,*c1cc(C)c(Nc2ncc3cc(-c4c(Cl)c(OC)cc(OC)c4Cl)ccc3n2)c(NC(=O)CC)c1|*N[C@H](C(=O)N1C[C@H](O)C[C@H]1C(=O)NCc1ccc(-c2scnc2C)cc1)C(C)(C)C,[*]N1CC(C(=O)NCCC[*])C1,O=C(NCCCNCC(=O)N1CCC[C@H]1C(=O)NCc1ccc(-c2cncs2)cc1)C1CN(c2ccc(Nc3ncc4cc(-c5ccccc5)ccc4n3)cc2)C1,0.1455934,0.1456,0,-3.704385280609131,49.59640121459961,2459.8030134395376,model1_clean.pdb,18
2.7580,13.2405,24.7373,0.2967011,CCC(=O)Nc1cc(N2CC3(CCN(C(=O)CCN[C@H](C(=O)N4C[C@H](O)C[C@H]4C(=O)NCc4ccc(-c5scnc5C)cc4)C(C)(C)C)CC3)C2)cc(C)c1Nc1ncc2cc(-c3c(Cl)c(OC)cc(OC)c3Cl)ccc2n1,1,*c1cc(C)c(Nc2ncc3cc(-c4c(Cl)c(OC)cc(OC)c4Cl)ccc3n2)c(NC(=O)CC)c1|*N[C@H](C(=O)N1C[C@H](O)C[C@H]1C(=O)NCc1ccc(-c2scnc2C)cc1)C(C)(C)C,[*]N1CC2(CCN(C(=O)CC[*])CC2)C1,O=C(NCc1ccc(-c2cncs2)cc1)[C@@H]1CCCN1C(=O)CNCCC(=O)N1CCC2(CC1)CN(c1ccc(Nc3ncc4cc(-c5ccccc5)ccc4n3)cc1)C2,0.2967011,0.2967,0,-4.22080135345459,41.64170837402344,1734.0318763072137,model1_clean.pdb,18
3.7526,12.2726,15.8506,0.2197124,CCC(=O)Nc1cc(N2CC3(CCN(C(=O)CN[C@H](C(=O)N4C[C@H](O)C[C@H]4C(=O)NCc4ccc(-c5scnc5C)cc4)C(C)(C)C)CC3)C2)cc(C)c1Nc1ncc2cc(-c3c(Cl)c(OC)cc(OC)c3Cl)ccc2n1,1,*c1cc(C)c(Nc2ncc3cc(-c4c(Cl)c(OC)cc(OC)c4Cl)ccc3n2)c(NC(=O)CC)c1|*N[C@H](C(=O)N1C[C@H](O)C[C@H]1C(=O)NCc1ccc(-c2scnc2C)cc1)C(C)(C)C,[*]N1CC2(CCN(C(=O)C[*])CC2)C1,O=C(NCc1ccc(-c2cncs2)cc1)[C@@H]1CCCN1C(=O)CNCC(=O)N1CCC2(CC1)CN(c1ccc(Nc3ncc4cc(-c5ccccc5)ccc4n3)cc1)C2,0.2197124,0.2197,0,-4.11806583404541,45.32121658325195,2054.012672586032,model1_clean.pdb,18
13.1122,24.6179,4.0125,0.2236750,CCC(=O)Nc1cc(N2CC3CN(C(=O)CCCCON[C@H](C(=O)N4C[C@H](O)C[C@H]4C(=O)NCc4ccc(-c5scnc5C)cc4)C(C)(C)C)CC3C2)cc(C)c1Nc1ncc2cc(-c3c(Cl)c(OC)cc(OC)c3Cl)ccc2n1,1,*c1cc(C)c(Nc2ncc3cc(-c4c(Cl)c(OC)cc(OC)c4Cl)ccc3n2)c(NC(=O)CC)c1|*N[C@H](C(=O)N1C[C@H](O)C[C@H]1C(=O)NCc1ccc(-c2scnc2C)cc1)C(C)(C)C,[*]N1CC2CN(C(=O)CCCCO[*])CC2C1,O=C(NCc1ccc(-c2cncs2)cc1)[C@@H]1CCCN1C(=O)CNOCCCCC(=O)N1CC2CN(c3ccc(Nc4ncc5cc(-c6ccccc6)ccc5n4)cc3)CC2C1,0.2236750,0.2237,0,-3.9880447387695312,44.521942138671875,1982.2033317992464,model1_clean.pdb,18
2.5971,9.4634,20.3133,0.2326311,CCC(=O)Nc1cc(N2CCN(C(=O)CCN[C@H](C(=O)N3C[C@H](O)C[C@H]3C(=O)NCc3ccc(-c4scnc4C)cc3)C(C)(C)C)CC2)cc(C)c1Nc1ncc2cc(-c3c(Cl)c(OC)cc(OC)c3Cl)ccc2n1,1,*c1cc(C)c(Nc2ncc3cc(-c4c(Cl)c(OC)cc(OC)c4Cl)ccc3n2)c(NC(=O)CC)c1|*N[C@H](C(=O)N1C[C@H](O)C[C@H]1C(=O)NCc1ccc(-c2scnc2C)cc1)C(C)(C)C,[*]N1CCN(C(=O)CC[*])CC1,O=C(NCc1ccc(-c2cncs2)cc1)[C@@H]1CCCN1C(=O)CNCCC(=O)N1CCN(c2ccc(Nc3ncc4cc(-c5ccccc5)ccc4n3)cc2)CC1,0.2326311,0.2326,0,-4.0309600830078125,44.1444091796875,1948.728861823678,model1_clean.pdb,18
2.5603,10.2830,27.4895,0.2950974,CCC(=O)Nc1cc(N2CCN(C(=O)COCCN[C@H](C(=O)N3C[C@H](O)C[C@H]3C(=O)NCc3ccc(-c4scnc4C)cc3)C(C)(C)C)CC2)cc(C)c1Nc1ncc2cc(-c3c(Cl)c(OC)cc(OC)c3Cl)ccc2n1,1,*c1cc(C)c(Nc2ncc3cc(-c4c(Cl)c(OC)cc(OC)c4Cl)ccc3n2)c(NC(=O)CC)c1|*N[C@H](C(=O)N1C[C@H](O)C[C@H]1C(=O)NCc1ccc(-c2scnc2C)cc1)C(C)(C)C,[*]N1CCN(C(=O)COCC[*])CC1,O=C(NCc1ccc(-c2cncs2)cc1)[C@@H]1CCCN1C(=O)CNCCOCC(=O)N1CCN(c2ccc(Nc3ncc4cc(-c5ccccc5)ccc4n3)cc2)CC1,0.2950974,0.2951,0,-4.432902812957764,42.482173919677734,1804.735100941747,model1_clean.pdb,18
3.6516,8.2449,6.1891,0.1127662,CCC(=O)Nc1cc(N2CCN(C(=O)CN[C@H](C(=O)N3C[C@H](O)C[C@H]3C(=O)NCc3ccc(-c4scnc4C)cc3)C(C)(C)C)CC2)cc(C)c1Nc1ncc2cc(-c3c(Cl)c(OC)cc(OC)c3Cl)ccc2n1,1,*c1cc(C)c(Nc2ncc3cc(-c4c(Cl)c(OC)cc(OC)c4Cl)ccc3n2)c(NC(=O)CC)c1|*N[C@H](C(=O)N1C[C@H](O)C[C@H]1C(=O)NCc1ccc(-c2scnc2C)cc1)C(C)(C)C,[*]N1CCN(C(=O)C[*])CC1,O=C(NCc1ccc(-c2cncs2)cc1)[C@@H]1CCCN1C(=O)CNCC(=O)N1CCN(c2ccc(Nc3ncc4cc(-c5ccccc5)ccc4n3)cc2)CC1,0.1127662,0.1128,0,-3.862083911895752,52.395713806152344,2745.3108252562233,model1_clean.pdb,18
7.1891,10.1850,17.3617,0.2152082,CCC(=O)Nc1cc(N2CCN(CCN(C)C(=O)N[C@H](C(=O)N3C[C@H](O)C[C@H]3C(=O)NCc3ccc(-c4scnc4C)cc3)C(C)(C)C)CC2)cc(C)c1Nc1ncc2cc(-c3c(Cl)c(OC)cc(OC)c3Cl)ccc2n1,1,*c1cc(C)c(Nc2ncc3cc(-c4c(Cl)c(OC)cc(OC)c4Cl)ccc3n2)c(NC(=O)CC)c1|*N[C@H](C(=O)N1C[C@H](O)C[C@H]1C(=O)NCc1ccc(-c2scnc2C)cc1)C(C)(C)C,[*]N1CCN(CCN(C)C(=O)[*])CC1,O=C(NCCN1CCN(c2ccc(Nc3ncc4cc(-c5ccccc5)ccc4n3)cc2)CC1)NCC(=O)N1CCC[C@H]1C(=O)NCc1ccc(-c2cncs2)cc1,0.2152082,0.2152,0,-4.514579772949219,46.63070297241211,2174.4224597013235,model1_clean.pdb,18
5.3994,7.7091,19.1403,0.2097614,CCC(=O)Nc1cc(N2CCN(CCN[C@H](C(=O)N3C[C@H](O)C[C@H]3C(=O)NCc3ccc(-c4scnc4C)cc3)C(C)(C)C)CC2)cc(C)c1Nc1ncc2cc(-c3c(Cl)c(OC)cc(OC)c3Cl)ccc2n1,1,*c1cc(C)c(Nc2ncc3cc(-c4c(Cl)c(OC)cc(OC)c4Cl)ccc3n2)c(NC(=O)CC)c1|*N[C@H](C(=O)N1C[C@H](O)C[C@H]1C(=O)NCc1ccc(-c2scnc2C)cc1)C(C)(C)C,[*]N1CCN(CC[*])CC1,O=C(NCc1ccc(-c2cncs2)cc1)[C@@H]1CCCN1C(=O)CNCCN1CCN(c2ccc(Nc3ncc4cc(-c5ccccc5)ccc4n3)cc2)CC1,0.2097614,0.2098,0,-3.97109317779541,45.187652587890625,2041.9239464038983,model1_clean.pdb,18
8.7683,12.7127,60.2625,0.5701190,CCC(=O)Nc1cc(N2CC3(CN(C(=O)CCNC(=O)N[C@H](C(=O)N4C[C@H](O)C[C@H]4C(=O)NCc4ccc(-c5scnc5C)cc4)C(C)(C)C)C3)C2)cc(C)c1Nc1ncc2cc(-c3c(Cl)c(OC)cc(OC)c3Cl)ccc2n1,1,*c1cc(C)c(Nc2ncc3cc(-c4c(Cl)c(OC)cc(OC)c4Cl)ccc3n2)c(NC(=O)CC)c1|*N[C@H](C(=O)N1C[C@H](O)C[C@H]1C(=O)NCc1ccc(-c2scnc2C)cc1)C(C)(C)C,[*]N1CC2(C1)CN(C(=O)CCNC(=O)[*])C2,O=C(NCCC(=O)N1CC2(C1)CN(c1ccc(Nc3ncc4cc(-c5ccccc5)ccc4n3)cc1)C2)NCC(=O)N1CCC[C@H]1C(=O)NCc1ccc(-c2cncs2)cc1,0.5701190,0.5701,0,-4.587283134460449,29.39391326904297,864.0021372680203,model1_clean.pdb,19
7.0702,14.5494,5.7159,0.1583221,CCC(=O)Nc1cc(N2CC3(CC(OCCN[C@H](C(=O)N4C[C@H](O)C[C@H]4C(=O)NCc4ccc(-c5scnc5C)cc4)C(C)(C)C)C3)C2)cc(C)c1Nc1ncc2cc(-c3c(Cl)c(OC)cc(OC)c3Cl)ccc2n1,1,*c1cc(C)c(Nc2ncc3cc(-c4c(Cl)c(OC)cc(OC)c4Cl)ccc3n2)c(NC(=O)CC)c1|*N[C@H](C(=O)N1C[C@H](O)C[C@H]1C(=O)NCc1ccc(-c2scnc2C)cc1)C(C)(C)C,[*]N1CC2(CC(OCC[*])C2)C1,O=C(NCc1ccc(-c2cncs2)cc1)[C@@H]1CCCN1C(=O)CNCCOC1CC2(C1)CN(c1ccc(Nc3ncc4cc(-c5ccccc5)ccc4n3)cc1)C2,0.1583221,0.1583,0,-3.6033034324645996,46.6355094909668,2174.870745482054,model1_clean.pdb,19
2.5675,13.2405,24.7373,0.2967011,CCC(=O)Nc1cc(N2CC3(CCN(C(=O)CCN[C@H](C(=O)N4C[C@H](O)C[C@H]4C(=O)NCc4ccc(-c5scnc5C)cc4)C(C)(C)C)CC3)C2)cc(C)c1Nc1ncc2cc(-c3c(Cl)c(OC)cc(OC)c3Cl)ccc2n1,1,*c1cc(C)c(Nc2ncc3cc(-c4c(Cl)c(OC)cc(OC)c4Cl)ccc3n2)c(NC(=O)CC)c1|*N[C@H](C(=O)N1C[C@H](O)C[C@H]1C(=O)NCc1ccc(-c2scnc2C)cc1)C(C)(C)C,[*]N1CC2(CCN(C(=O)CC[*])CC2)C1,O=C(NCc1ccc(-c2cncs2)cc1)[C@@H]1CCCN1C(=O)CNCCC(=O)N1CCC2(CC1)CN(c1ccc(Nc3ncc4cc(-c5ccccc5)ccc4n3)cc1)C2,0.2967011,0.2967,0,-4.22080135345459,41.64170837402344,1734.0318763072137,model1_clean.pdb,19
5.5239,12.0895,30.4697,0.3324939,CCC(=O)Nc1cc(N2CC3(CCN(CCN[C@H](C(=O)N4C[C@H](O)C[C@H]4C(=O)NCc4ccc(-c5scnc5C)cc4)C(C)(C)C)CC3)C2)cc(C)c1Nc1ncc2cc(-c3c(Cl)c(OC)cc(OC)c3Cl)ccc2n1,1,*c1cc(C)c(Nc2ncc3cc(-c4c(Cl)c(OC)cc(OC)c4Cl)ccc3n2)c(NC(=O)CC)c1|*N[C@H](C(=O)N1C[C@H](O)C[C@H]1C(=O)NCc1ccc(-c2scnc2C)cc1)C(C)(C)C,[*]N1CC2(CCN(CC[*])CC2)C1,O=C(NCc1ccc(-c2cncs2)cc1)[C@@H]1CCCN1C(=O)CNCCN1CCC2(CC1)CN(c1ccc(Nc3ncc4cc(-c5ccccc5)ccc4n3)cc1)C2,0.3324939,0.3325,0,-3.9774770736694336,36.98769760131836,1368.089773846572,model1_clean.pdb,19
6.1489,14.7742,7.9413,0.1774650,CCC(=O)Nc1cc(N2CCC3(CCN(C(=O)CN[C@H](C(=O)N4C[C@H](O)C[C@H]4C(=O)NCc4ccc(-c5scnc5C)cc4)C(C)(C)C)CC3)CC2)cc(C)c1Nc1ncc2cc(-c3c(Cl)c(OC)cc(OC)c3Cl)ccc2n1,1,*c1cc(C)c(Nc2ncc3cc(-c4c(Cl)c(OC)cc(OC)c4Cl)ccc3n2)c(NC(=O)CC)c1|*N[C@H](C(=O)N1C[C@H](O)C[C@H]1C(=O)NCc1ccc(-c2scnc2C)cc1)C(C)(C)C,[*]N1CCC2(CCN(C(=O)C[*])CC2)CC1,O=C(NCc1ccc(-c2cncs2)cc1)[C@@H]1CCCN1C(=O)CNCC(=O)N1CCC2(CC1)CCN(c1ccc(Nc3ncc4cc(-c5ccccc5)ccc4n3)cc1)CC2,0.1774650,0.1775,0,-4.391448020935059,48.91331100463867,2392.5119934365066,model1_clean.pdb,19
2.8809,9.0178,15.7380,0.1934047,CCC(=O)Nc1cc(N2CCN(C(=O)CCCN[C@H](C(=O)N3C[C@H](O)C[C@H]3C(=O)NCc3ccc(-c4scnc4C)cc3)C(C)(C)C)CC2)cc(C)c1Nc1ncc2cc(-c3c(Cl)c(OC)cc(OC)c3Cl)ccc2n1,1,*c1cc(C)c(Nc2ncc3cc(-c4c(Cl)c(OC)cc(OC)c4Cl)ccc3n2)c(NC(=O)CC)c1|*N[C@H](C(=O)N1C[C@H](O)C[C@H]1C(=O)NCc1ccc(-c2scnc2C)cc1)C(C)(C)C,[*]N1CCN(C(=O)CCC[*])CC1,O=C(NCc1ccc(-c2cncs2)cc1)[C@@H]1CCCN1C(=O)CNCCCC(=O)N1CCN(c2ccc(Nc3ncc4cc(-c5ccccc5)ccc4n3)cc2)CC1,0.1934047,0.1934,0,-4.429481506347656,47.618431091308594,2267.514979597705,model1_clean.pdb,19
6.5401,14.3026,15.9082,0.2360219,CCC(=O)Nc1cc(N2CCN(C(=O)CCN(C)CCN[C@H](C(=O)N3C[C@H](O)C[C@H]3C(=O)NCc3ccc(-c4scnc4C)cc3)C(C)(C)C)CC2)cc(C)c1Nc1ncc2cc(-c3c(Cl)c(OC)cc(OC)c3Cl)ccc2n1,1,*c1cc(C)c(Nc2ncc3cc(-c4c(Cl)c(OC)cc(OC)c4Cl)ccc3n2)c(NC(=O)CC)c1|*N[C@H](C(=O)N1C[C@H](O)C[C@H]1C(=O)NCc1ccc(-c2scnc2C)cc1)C(C)(C)C,[*]N1CCN(C(=O)CCN(C)CC[*])CC1,O=C(NCc1ccc(-c2cncs2)cc1)[C@@H]1CCCN1C(=O)CNCCNCCC(=O)N1CCN(c2ccc(Nc3ncc4cc(-c5ccccc5)ccc4n3)cc2)CC1,0.2360219,0.2360,0,-4.478093147277832,45.254798889160156,2047.9968224983313,model1_clean.pdb,19
10.5858,21.1052,7.9621,0.2270884,CCC(=O)Nc1cc(N2CCN(C(=O)CCN(C)N[C@H](C(=O)N3C[C@H](O)C[C@H]3C(=O)NCc3ccc(-c4scnc4C)cc3)C(C)(C)C)CC2)cc(C)c1Nc1ncc2cc(-c3c(Cl)c(OC)cc(OC)c3Cl)ccc2n1,1,*c1cc(C)c(Nc2ncc3cc(-c4c(Cl)c(OC)cc(OC)c4Cl)ccc3n2)c(NC(=O)CC)c1|*N[C@H](C(=O)N1C[C@H](O)C[C@H]1C(=O)NCc1ccc(-c2scnc2C)cc1)C(C)(C)C,[*]N1CCN(C(=O)CCN(C)[*])CC1,O=C(NCc1ccc(-c2cncs2)cc1)[C@@H]1CCCN1C(=O)CNNCCC(=O)N1CCN(c2ccc(Nc3ncc4cc(-c5ccccc5)ccc4n3)cc2)CC1,0.2270884,0.2271,0,-4.393481254577637,46.039241790771484,2119.6117846691195,model1_clean.pdb,19
2.3745,9.4634,20.3133,0.2326311,CCC(=O)Nc1cc(N2CCN(C(=O)CCN[C@H](C(=O)N3C[C@H](O)C[C@H]3C(=O)NCc3ccc(-c4scnc4C)cc3)C(C)(C)C)CC2)cc(C)c1Nc1ncc2cc(-c3c(Cl)c(OC)cc(OC)c3Cl)ccc2n1,1,*c1cc(C)c(Nc2ncc3cc(-c4c(Cl)c(OC)cc(OC)c4Cl)ccc3n2)c(NC(=O)CC)c1|*N[C@H](C(=O)N1C[C@H](O)C[C@H]1C(=O)NCc1ccc(-c2scnc2C)cc1)C(C)(C)C,[*]N1CCN(C(=O)CC[*])CC1,O=C(NCc1ccc(-c2cncs2)cc1)[C@@H]1CCCN1C(=O)CNCCC(=O)N1CCN(c2ccc(Nc3ncc4cc(-c5ccccc5)ccc4n3)cc2)CC1,0.2326311,0.2326,0,-4.0309600830078125,44.1444091796875,1948.728861823678,model1_clean.pdb,19
3.3481,8.2449,6.1891,0.1127662,CCC(=O)Nc1cc(N2CCN(C(=O)CN[C@H](C(=O)N3C[C@H](O)C[C@H]3C(=O)NCc3ccc(-c4scnc4C)cc3)C(C)(C)C)CC2)cc(C)c1Nc1ncc2cc(-c3c(Cl)c(OC)cc(OC)c3Cl)ccc2n1,1,*c1cc(C)c(Nc2ncc3cc(-c4c(Cl)c(OC)cc(OC)c4Cl)ccc3n2)c(NC(=O)CC)c1|*N[C@H](C(=O)N1C[C@H](O)C[C@H]1C(=O)NCc1ccc(-c2scnc2C)cc1)C(C)(C)C,[*]N1CCN(C(=O)C[*])CC1,O=C(NCc1ccc(-c2cncs2)cc1)[C@@H]1CCCN1C(=O)CNCC(=O)N1CCN(c2ccc(Nc3ncc4cc(-c5ccccc5)ccc4n3)cc2)CC1,0.1127662,0.1128,0,-3.862083911895752,52.395713806152344,2745.3108252562233,model1_clean.pdb,19
3.8174,13.9056,13.7438,0.2160107,CCC(=O)Nc1cc(N2CC3(CN(C(=O)CCN[C@H](C(=O)N4C[C@H](O)C[C@H]4C(=O)NCc4ccc(-c5scnc5C)cc4)C(C)(C)C)C3)C2)cc(C)c1Nc1ncc2cc(-c3c(Cl)c(OC)cc(OC)c3Cl)ccc2n1,1,*c1cc(C)c(Nc2ncc3cc(-c4c(Cl)c(OC)cc(OC)c4Cl)ccc3n2)c(NC(=O)CC)c1|*N[C@H](C(=O)N1C[C@H](O)C[C@H]1C(=O)NCc1ccc(-c2scnc2C)cc1)C(C)(C)C,[*]N1CC2(C1)CN(C(=O)CC[*])C2,O=C(NCc1ccc(-c2cncs2)cc1)[C@@H]1CCCN1C(=O)CNCCC(=O)N1CC2(C1)CN(c1ccc(Nc3ncc4cc(-c5ccccc5)ccc4n3)cc1)C2,0.2160107,0.2160,0,-3.6471810340881348,41.34706115722656,1709.5794663394336,model1_clean.pdb,20
14.0708,28.0874,-0.8041,0.2131509,CCC(=O)Nc1cc(N2CC3(C4CN(C(=O)CCON[C@H](C(=O)N5C[C@H](O)C[C@H]5C(=O)NCc5ccc(-c6scnc6C)cc5)C(C)(C)C)C4)CC2C3)cc(C)c1Nc1ncc2cc(-c3c(Cl)c(OC)cc(OC)c3Cl)ccc2n1,1,*c1cc(C)c(Nc2ncc3cc(-c4c(Cl)c(OC)cc(OC)c4Cl)ccc3n2)c(NC(=O)CC)c1|*N[C@H](C(=O)N1C[C@H](O)C[C@H]1C(=O)NCc1ccc(-c2scnc2C)cc1)C(C)(C)C,[*]N1CC2(C3CN(C(=O)CCO[*])C3)CC1C2,O=C(NCc1ccc(-c2cncs2)cc1)[C@@H]1CCCN1C(=O)CNOCCC(=O)N1CC(C23CC(C2)N(c2ccc(Nc4ncc5cc(-c6ccccc6)ccc5n4)cc2)C3)C1,0.2131509,0.2132,0,-4.593987941741943,46.884525299072266,2198.1587125193473,model1_clean.pdb,20
8.5267,18.9097,3.0961,0.1719207,CCC(=O)Nc1cc(N2CC3(CC(N(C)C(=O)CN[C@H](C(=O)N4C[C@H](O)C[C@H]4C(=O)NCc4ccc(-c5scnc5C)cc4)C(C)(C)C)C3)C2)cc(C)c1Nc1ncc2cc(-c3c(Cl)c(OC)cc(OC)c3Cl)ccc2n1,1,*c1cc(C)c(Nc2ncc3cc(-c4c(Cl)c(OC)cc(OC)c4Cl)ccc3n2)c(NC(=O)CC)c1|*N[C@H](C(=O)N1C[C@H](O)C[C@H]1C(=O)NCc1ccc(-c2scnc2C)cc1)C(C)(C)C,[*]N1CC2(CC(N(C)C(=O)C[*])C2)C1,O=C(CNCC(=O)N1CCC[C@H]1C(=O)NCc1ccc(-c2cncs2)cc1)NC1CC2(C1)CN(c1ccc(Nc3ncc4cc(-c5ccccc5)ccc4n3)cc1)C2,0.1719207,0.1719,0,-4.042088985443115,48.336769104003906,2336.4432474137866,model1_clean.pdb,20
9.3667,13.9606,14.2869,0.2206838,CCC(=O)Nc1cc(N2CC3(CC(NC(=O)N[C@H](C(=O)N4C[C@H](O)C[C@H]4C(=O)NCc4ccc(-c5scnc5C)cc4)C(C)(C)C)C3)C2)cc(C)c1Nc1ncc2cc(-c3c(Cl)c(OC)cc(OC)c3Cl)ccc2n1,1,*c1cc(C)c(Nc2ncc3cc(-c4c(Cl)c(OC)cc(OC)c4Cl)ccc3n2)c(NC(=O)CC)c1|*N[C@H](C(=O)N1C[C@H](O)C[C@H]1C(=O)NCc1ccc(-c2scnc2C)cc1)C(C)(C)C,[*]N1CC2(CC(NC(=O)[*])C2)C1,O=C(NCC(=O)N1CCC[C@H]1C(=O)NCc1ccc(-c2cncs2)cc1)NC1CC2(C1)CN(c1ccc(Nc3ncc4cc(-c5ccccc5)ccc4n3)cc1)C2,0.2206838,0.2207,0,-3.9218602180480957,44.30790710449219,1963.1906319803093,model1_clean.pdb,20
5.4108,6.8366,43.0311,0.3895921,CCC(=O)Nc1cc(N2CCN(C(=O)C(=O)N[C@H](C(=O)N3C[C@H](O)C[C@H]3C(=O)NCc3ccc(-c4scnc4C)cc3)C(C)(C)C)CC2)cc(C)c1Nc1ncc2cc(-c3c(Cl)c(OC)cc(OC)c3Cl)ccc2n1,1,*c1cc(C)c(Nc2ncc3cc(-c4c(Cl)c(OC)cc(OC)c4Cl)ccc3n2)c(NC(=O)CC)c1|*N[C@H](C(=O)N1C[C@H](O)C[C@H]1C(=O)NCc1ccc(-c2scnc2C)cc1)C(C)(C)C,[*]N1CCN(C(=O)C(=O)[*])CC1,O=C(NCC(=O)N1CCC[C@H]1C(=O)NCc1ccc(-c2cncs2)cc1)C(=O)N1CCN(c2ccc(Nc3ncc4cc(-c5ccccc5)ccc4n3)cc2)CC1,0.3895921,0.3896,0,-3.817005157470703,27.9467830657959,781.0226837266564,model1_clean.pdb,20
2.3971,9.4634,20.3133,0.2326311,CCC(=O)Nc1cc(N2CCN(C(=O)CCN[C@H](C(=O)N3C[C@H](O)C[C@H]3C(=O)NCc3ccc(-c4scnc4C)cc3)C(C)(C)C)CC2)cc(C)c1Nc1ncc2cc(-c3c(Cl)c(OC)cc(OC)c3Cl)ccc2n1,1,*c1cc(C)c(Nc2ncc3cc(-c4c(Cl)c(OC)cc(OC)c4Cl)ccc3n2)c(NC(=O)CC)c1|*N[C@H](C(=O)N1C[C@H](O)C[C@H]1C(=O)NCc1ccc(-c2scnc2C)cc1)C(C)(C)C,[*]N1CCN(C(=O)CC[*])CC1,O=C(NCc1ccc(-c2cncs2)cc1)[C@@H]1CCCN1C(=O)CNCCC(=O)N1CCN(c2ccc(Nc3ncc4cc(-c5ccccc5)ccc4n3)cc2)CC1,0.2326311,0.2326,0,-4.0309600830078125,44.1444091796875,1948.728861823678,model1_clean.pdb,20
2.5241,10.2830,27.4895,0.2950974,CCC(=O)Nc1cc(N2CCN(C(=O)COCCN[C@H](C(=O)N3C[C@H](O)C[C@H]3C(=O)NCc3ccc(-c4scnc4C)cc3)C(C)(C)C)CC2)cc(C)c1Nc1ncc2cc(-c3c(Cl)c(OC)cc(OC)c3Cl)ccc2n1,1,*c1cc(C)c(Nc2ncc3cc(-c4c(Cl)c(OC)cc(OC)c4Cl)ccc3n2)c(NC(=O)CC)c1|*N[C@H](C(=O)N1C[C@H](O)C[C@H]1C(=O)NCc1ccc(-c2scnc2C)cc1)C(C)(C)C,[*]N1CCN(C(=O)COCC[*])CC1,O=C(NCc1ccc(-c2cncs2)cc1)[C@@H]1CCCN1C(=O)CNCCOCC(=O)N1CCN(c2ccc(Nc3ncc4cc(-c5ccccc5)ccc4n3)cc2)CC1,0.2950974,0.2951,0,-4.432902812957764,42.482173919677734,1804.735100941747,model1_clean.pdb,20
5.8710,12.6386,15.3137,0.2183777,CCC(=O)Nc1cc(N2CCN(C3CCN(C(=O)CN[C@H](C(=O)N4C[C@H](O)C[C@H]4C(=O)NCc4ccc(-c5scnc5C)cc4)C(C)(C)C)CC3)CC2)cc(C)c1Nc1ncc2cc(-c3c(Cl)c(OC)cc(OC)c3Cl)ccc2n1,1,*c1cc(C)c(Nc2ncc3cc(-c4c(Cl)c(OC)cc(OC)c4Cl)ccc3n2)c(NC(=O)CC)c1|*N[C@H](C(=O)N1C[C@H](O)C[C@H]1C(=O)NCc1ccc(-c2scnc2C)cc1)C(C)(C)C,[*]N1CCN(C2CCN(C(=O)C[*])CC2)CC1,O=C(NCc1ccc(-c2cncs2)cc1)[C@@H]1CCCN1C(=O)CNCC(=O)N1CCC(N2CCN(c3ccc(Nc4ncc5cc(-c6ccccc6)ccc5n4)cc3)CC2)CC1,0.2183777,0.2184,0,-4.065802574157715,45.08318328857422,2032.4934154311777,model1_clean.pdb,20
